"date","geography","geography code","Rural Urban","Dwelling Type: All categories: Dwelling type; measures: Value","Dwelling Type: Unshared dwelling; measures: Value","Dwelling Type: Shared dwelling: Two household spaces; measures: Value","Dwelling Type: Shared dwelling: Three or more household spaces; measures: Value","Dwelling Type: All categories: Household spaces; measures: Value","Dwelling Type: Household spaces with at least one usual resident; measures: Value","Dwelling Type: Household spaces with no usual residents; measures: Value","Dwelling Type: Whole house or bungalow: Detached; measures: Value","Dwelling Type: Whole house or bungalow: Semi-detached; measures: Value","Dwelling Type: Whole house or bungalow: Terraced (including end-terrace); measures: Value","Dwelling Type: Flat, maisonette or apartment: Purpose-built block of flats or tenement; measures: Value","Dwelling Type: Flat, maisonette or apartment: Part of a converted or shared house (including bed-sits); measures: Value","Dwelling Type: Flat, maisonette or apartment: In a commercial building; measures: Value","Dwelling Type: Caravan or other mobile or temporary structure; measures: Value"
"2011","Darlington","E06000005","Total",48644,48608,9,27,48761,46670,2091,8407,18283,15198,5411,1057,370,35
"2011","County Durham","E06000047","Total",233485,233469,6,10,233537,223803,9734,44287,85322,89782,10709,1569,1548,320
"2011","Hartlepool","E06000001","Total",42102,42095,2,5,42119,40434,1685,6963,13714,15768,4809,377,379,109
"2011","Middlesbrough","E06000002","Total",59956,59914,15,27,60164,57203,2961,8171,24004,19773,6933,789,466,28
"2011","Northumberland","E06000057","Total",148008,147995,7,6,148043,138534,9509,37247,52263,41652,12663,2566,1231,421
"2011","Redcar and Cleveland","E06000003","Total",61899,61878,6,15,61965,59605,2360,11112,27265,17358,4384,1224,578,44
"2011","Stockton-on-Tees","E06000004","Total",82237,82210,10,17,82308,79159,3149,19943,33720,19365,7510,1089,613,68
"2011","Gateshead","E08000037","Total",92589,92582,3,4,92602,89154,3448,9759,38617,24928,16172,2519,541,66
"2011","Newcastle upon Tyne","E08000021","Total",121761,121711,19,31,121894,117153,4741,9447,41054,32049,31232,7210,874,28
"2011","North Tyneside","E08000022","Total",94528,94514,5,9,94566,91295,3271,9674,39436,23569,17112,3906,830,39
"2011","South Tyneside","E08000023","Total",69693,69690,1,2,69707,67167,2540,5598,28697,20818,11401,2572,595,26
"2011","Sunderland","E08000024","Total",123367,123304,25,38,123528,119758,3770,14006,53627,38523,13493,2771,1019,89
"2011","Blackburn with Darwen","E06000008","Total",59615,59585,14,16,59694,57353,2341,8242,16963,27179,5930,822,504,54
"2011","Blackpool","E06000009","Total",68984,68852,35,97,69343,64367,4976,5924,25279,20771,10103,5724,1367,175
"2011","Cheshire East","E06000049","Total",166236,166202,15,19,166329,159441,6888,58368,53498,35582,14620,2116,1365,780
"2011","Cheshire West and Chester","E06000050","Total",147568,147515,14,39,147746,141442,6304,43673,52927,32082,14696,2176,1173,1019
"2011","Halton","E06000006","Total",54686,54680,4,2,54694,53312,1382,10703,18078,19911,5176,424,287,115
"2011","Warrington","E06000007","Total",87943,87935,3,5,87962,85140,2822,20826,36023,21162,8381,1040,449,81
"2011","Allerdale","E07000026","Total",45433,45430,1,2,45438,42345,3093,12118,14704,14368,2785,726,546,191
"2011","Barrow-in-Furness","E07000027","Total",33018,33011,0,7,33058,31224,1834,3913,9526,15664,2939,435,287,294
"2011","Carlisle","E07000028","Total",50230,50177,7,46,50429,48342,2087,11588,17876,14414,5118,966,368,99
"2011","Copeland","E07000029","Total",32428,32420,4,4,32450,30536,1914,7549,12156,10072,1759,451,259,204
"2011","Eden","E07000030","Total",25305,25302,3,0,25308,23043,2265,9682,7588,5493,1641,506,259,139
"2011","South Lakeland","E07000031","Total",53422,53410,3,9,53466,46552,6914,16460,15191,13263,5025,2410,902,215
"2011","Bolton","E08000001","Total",120802,120748,8,46,121001,116371,4630,19681,41803,42171,14811,1477,971,87
"2011","Bury","E08000002","Total",81423,81414,5,4,81440,78113,3327,14699,30939,24269,9880,984,639,30
"2011","Manchester","E08000003","Total",213529,213243,103,183,214377,204969,9408,10634,64967,64692,61370,10236,2383,95
"2011","Oldham","E08000004","Total",92998,92984,5,9,93025,89703,3322,11466,31456,38340,10424,615,684,40
"2011","Rochdale","E08000005","Total",89966,89954,4,8,90015,87552,2463,13761,30151,32888,11603,854,651,107
"2011","Salford","E08000006","Total",108607,108469,40,98,109059,103556,5503,9327,37458,30761,28573,1900,937,103
"2011","Stockport","E08000007","Total",125810,125762,12,36,125975,121979,3996,26832,51895,27074,16736,2133,1230,75
"2011","Tameside","E08000008","Total",99146,99114,10,22,99235,94953,4282,11204,37173,35438,13320,1158,893,49
"2011","Trafford","E08000009","Total",97129,97062,24,43,97330,94484,2846,14622,42812,20948,15922,2129,868,29
"2011","Wigan","E08000010","Total",141519,141492,10,17,141592,136386,5206,24523,63829,39291,11681,1235,949,84
"2011","Burnley","E07000117","Total",39939,39929,3,7,39964,37550,2414,5203,11144,20009,2774,382,349,103
"2011","Chorley","E07000118","Total",46765,46754,4,7,46806,44919,1887,13776,15649,12590,3871,349,339,232
"2011","Fylde","E07000119","Total",37357,37328,9,20,37435,34885,2550,9814,11815,6530,5707,2388,485,696
"2011","Hyndburn","E07000120","Total",35982,35977,2,3,35999,34341,1658,4225,9377,18933,2696,337,289,142
"2011","Lancaster","E07000121","Total",60761,60685,30,46,60942,57822,3120,11067,22678,16128,7011,2889,644,525
"2011","Pendle","E07000122","Total",39383,39380,2,1,39387,37348,2039,5157,9004,22106,2323,342,378,77
"2011","Preston","E07000123","Total",60337,60288,12,37,60519,57567,2952,9846,19439,19170,9653,1673,705,33
"2011","Ribble Valley","E07000124","Total",25016,25015,0,1,25019,24045,974,7887,7101,7726,1482,250,265,308
"2011","Rossendale","E07000125","Total",30845,30840,4,1,30852,29058,1794,6233,7819,13444,2634,303,326,93
"2011","South Ribble","E07000126","Total",47702,47698,3,1,47715,46102,1613,13295,21545,8352,3643,322,368,190
"2011","West Lancashire","E07000127","Total",47973,47963,4,6,47994,45381,2613,14020,17444,10845,3935,388,306,1056
"2011","Wyre","E07000128","Total",49992,49965,5,22,50073,47281,2792,14166,20307,9026,3910,1206,564,894
"2011","Knowsley","E08000011","Total",62967,62964,1,2,62973,61323,1650,8094,25869,22148,6096,307,272,187
"2011","Liverpool","E08000012","Total",214149,213813,96,240,215939,206515,9424,15080,59429,87732,39534,11206,2917,41
"2011","Sefton","E08000014","Total",124008,123850,31,127,124605,117930,6675,18752,56512,23915,17233,6521,1632,40
"2011","St. Helens","E08000013","Total",79232,79219,5,8,79278,75736,3542,11460,36729,23951,5980,519,608,31
"2011","Wirral","E08000015","Total",145693,145611,32,50,145944,140583,5361,24382,59823,36170,17222,6317,2009,21
"2011","East Riding of Yorkshire","E06000011","Total",149854,149806,25,23,149958,143032,6926,51268,54026,29791,10103,2773,1559,438
"2011","Kingston upon Hull, City of","E06000010","Total",116495,116430,22,43,116651,112596,4055,8215,31375,57334,14700,3528,1420,79
"2011","North East Lincolnshire","E06000012","Total",72520,72498,14,8,72560,69707,2853,15003,23782,24009,6979,1866,823,98
"2011","North Lincolnshire","E06000013","Total",73628,73617,7,4,73651,70684,2967,24793,30385,10823,5541,827,725,557
"2011","York","E06000014","Total",86483,86413,21,49,86735,83552,3183,18983,30800,21224,12343,2399,827,159
"2011","Craven","E07000163","Total",27014,27008,6,0,27020,24583,2437,6799,7531,10025,1471,570,364,260
"2011","Hambleton","E07000164","Total",39896,39888,2,6,39923,38117,1806,16582,11877,8273,2110,471,357,253
"2011","Harrogate","E07000165","Total",70398,70342,8,48,70612,67169,3443,22171,21283,14091,7578,4008,899,582
"2011","Richmondshire","E07000166","Total",22797,22796,0,1,22803,20207,2596,7902,7955,5012,1127,394,182,231
"2011","Ryedale","E07000167","Total",24743,24743,0,0,24743,22524,2219,10075,7840,4888,1184,313,320,123
"2011","Scarborough","E07000168","Total",56443,56357,25,61,56720,49435,7285,12321,17138,12708,8233,5058,1156,106
"2011","Selby","E07000169","Total",36287,36283,3,1,36294,34559,1735,14555,12686,6264,2141,297,249,102
"2011","Barnsley","E08000016","Total",104975,104926,11,38,105123,100734,4389,23187,47159,26317,6790,886,735,49
"2011","Doncaster","E08000017","Total",130819,130757,17,45,131007,126487,4520,30115,58631,30944,8080,1416,1003,818
"2011","Rotherham","E08000018","Total",112018,111998,9,11,112068,108293,3775,23643,54727,21806,10267,813,800,12
"2011","Sheffield","E08000019","Total",236811,236648,39,124,237387,229928,7459,33901,86386,64830,44925,4912,2370,63
"2011","Bradford","E08000032","Total",207268,207034,64,170,208063,199296,8767,29081,74068,71595,26337,4446,1978,558
"2011","Calderdale","E08000033","Total",92173,92133,12,28,92310,88621,3689,13115,25239,39566,11808,1675,772,135
"2011","Kirklees","E08000034","Total",181107,180992,27,88,181545,173525,8020,36923,59537,61338,19039,3073,1451,184
"2011","Leeds","E08000035","Total",331819,331535,83,201,332674,320596,12078,48361,122757,88726,59519,10175,2755,381
"2011","Wakefield","E08000036","Total",146362,146312,15,35,146538,140414,6124,30316,64079,34315,14849,1691,998,290
"2011","Derby","E06000015","Total",106509,106444,22,43,106687,102271,4416,24580,41182,24904,12744,2175,843,259
"2011","Leicester","E06000016","Total",126703,126501,55,147,127383,123125,4258,13390,44880,40290,22341,4722,1694,66
"2011","Nottingham","E06000018","Total",131194,131060,47,87,131586,126131,5455,19407,41107,37654,26863,4951,1522,82
"2011","Rutland","E06000017","Total",16069,16066,3,0,16072,15002,1070,7466,4382,2894,878,184,153,115
"2011","Amber Valley","E07000032","Total",54933,54930,1,2,54942,52596,2346,19669,20035,11489,2632,518,520,79
"2011","Bolsover","E07000033","Total",34363,34362,1,0,34364,32801,1563,9672,15021,7625,1575,177,263,31
"2011","Chesterfield","E07000034","Total",48493,48483,2,8,48542,46796,1746,11606,21623,8892,5311,628,383,99
"2011","Derbyshire Dales","E07000035","Total",33481,33479,0,2,33489,30744,2745,13493,10118,6571,2149,609,482,67
"2011","Erewash","E07000036","Total",50530,50519,3,8,50572,48692,1880,14322,22329,9649,3135,568,505,64
"2011","High Peak","E07000037","Total",40771,40760,0,11,40821,38946,1875,9613,11915,14040,3414,1227,511,101
"2011","North East Derbyshire","E07000038","Total",44050,44049,0,1,44052,43070,982,16044,19177,5905,2211,212,304,199
"2011","South Derbyshire","E07000039","Total",40378,40376,0,2,40382,38992,1390,16056,14103,7327,2050,313,266,267
"2011","Blaby","E07000129","Total",39669,39667,2,0,39671,38686,985,14331,18729,4058,2013,176,246,118
"2011","Charnwood","E07000130","Total",69220,69195,10,15,69305,66516,2789,21025,26657,12991,6822,866,631,313
"2011","Harborough","E07000131","Total",36101,36097,3,1,36110,34898,1212,17203,10328,5489,2354,308,267,161
"2011","Hinckley and Bosworth","E07000132","Total",46909,46905,1,3,46926,45377,1549,17382,17874,7511,3270,332,390,167
"2011","Melton","E07000133","Total",22185,22179,0,6,22212,21490,722,9011,7970,3485,1215,310,161,60
"2011","North West Leicestershire","E07000134","Total",40463,40461,1,1,40472,39128,1344,15704,14233,7347,2133,368,332,355
"2011","Oadby and Wigston","E07000135","Total",22481,22480,1,0,22482,21339,1143,6601,10691,3369,1498,156,163,4
"2011","Boston","E07000136","Total",28345,28336,7,2,28357,27291,1066,12246,8639,4169,2523,439,204,137
"2011","East Lindsey","E07000137","Total",65108,65048,22,38,65270,60890,4380,32997,17252,7368,3784,1684,957,1228
"2011","Lincoln","E07000138","Total",42556,42531,12,13,42623,39825,2798,8120,12228,13636,7118,1098,380,43
"2011","North Kesteven","E07000139","Total",47551,47548,3,0,47554,45972,1582,25911,14245,4887,1571,238,243,459
"2011","South Holland","E07000140","Total",38661,38650,3,8,38695,37264,1431,21373,11430,3776,1238,382,275,221
"2011","South Kesteven","E07000141","Total",59530,59524,0,6,59552,57344,2208,25019,18165,10869,3892,758,463,386
"2011","West Lindsey","E07000142","Total",40198,40196,1,1,40201,38385,1816,20151,10785,6778,1464,261,266,496
"2011","Corby","E07000150","Total",26181,26181,0,0,26181,25215,966,5527,9752,7825,2726,188,113,50
"2011","Daventry","E07000151","Total",32618,32614,2,2,32625,31647,978,13931,10184,6163,1818,231,249,49
"2011","East Northamptonshire","E07000152","Total",37326,37320,3,3,37339,35662,1677,13409,12290,8299,2547,331,297,166
"2011","Kettering","E07000153","Total",41462,41452,5,5,41486,39701,1785,11992,14012,10198,4319,623,285,57
"2011","Northampton","E07000154","Total",91484,91407,23,54,91700,88731,2969,19595,26273,29228,14009,1878,634,83
"2011","South Northamptonshire","E07000155","Total",36044,36041,2,1,36048,34717,1331,15618,12488,5477,1829,287,236,113
"2011","Wellingborough","E07000156","Total",33077,33073,3,1,33083,32057,1026,8543,11303,9106,3313,389,237,192
"2011","Ashfield","E07000170","Total",52796,52786,2,8,52829,50931,1898,15190,22309,10867,3439,518,456,50
"2011","Bassetlaw","E07000171","Total",49401,49392,5,4,49419,47667,1752,16794,20710,8153,2728,460,352,222
"2011","Broxtowe","E07000172","Total",48666,48658,4,4,48683,46820,1863,17598,17253,8182,4699,420,440,91
"2011","Gedling","E07000173","Total",50864,50859,2,3,50878,49349,1529,19370,17535,7962,4899,454,400,258
"2011","Mansfield","E07000174","Total",46859,46848,2,9,46895,44928,1967,13543,20038,8775,3639,482,324,94
"2011","Newark and Sherwood","E07000175","Total",50936,50931,0,5,50955,48773,2182,19198,18866,8394,3216,632,350,299
"2011","Rushcliffe","E07000176","Total",47349,47339,2,8,47385,45835,1550,21899,14680,5396,3647,1074,316,373
"2011","Herefordshire, County of","E06000019","Total",82549,82512,13,24,82676,78319,4357,35021,22585,14165,6973,2035,957,940
"2011","Shropshire","E06000051","Total",135572,135544,6,22,135645,129674,5971,53529,45289,22807,8995,2419,1543,1063
"2011","Stoke-on-Trent","E06000021","Total",111865,111830,17,18,111977,107575,4402,15814,49966,33094,10973,1271,782,77
"2011","Telford and Wrekin","E06000020","Total",68714,68707,4,3,68730,66608,2122,20945,25001,15534,5981,548,444,277
"2011","Cannock Chase","E07000192","Total",41816,41812,0,4,41828,40664,1164,12245,19642,4999,4160,357,349,76
"2011","East Staffordshire","E07000193","Total",49103,49094,3,6,49128,47251,1877,15263,15464,12229,4906,641,435,190
"2011","Lichfield","E07000194","Total",43168,43160,4,4,43187,41224,1963,16467,14956,6380,4399,421,308,256
"2011","Newcastle-under-Lyme","E07000195","Total",54220,54204,9,7,54254,52574,1680,13301,23761,10963,5307,549,324,49
"2011","South Staffordshire","E07000196","Total",45621,45618,3,0,45624,44458,1166,17794,17906,4862,3475,354,384,849
"2011","Stafford","E07000197","Total",57510,57477,10,23,57657,55703,1954,21342,18870,9885,5686,1095,456,323
"2011","Staffordshire Moorlands","E07000198","Total",43585,43583,1,1,43592,41772,1820,17544,16333,7220,1453,479,482,81
"2011","Tamworth","E07000199","Total",32260,32257,2,1,32264,31617,647,8111,12238,7259,3908,405,197,146
"2011","North Warwickshire","E07000218","Total",27033,27032,0,1,27035,25812,1223,7642,10577,6342,1782,274,273,145
"2011","Nuneaton and Bedworth","E07000219","Total",54167,54143,7,17,54249,52711,1538,12764,20301,14156,5816,608,385,219
"2011","Rugby","E07000220","Total",43192,43174,6,12,43237,41875,1362,12219,14468,10747,4600,664,385,154
"2011","Stratford-on-Avon","E07000221","Total",54781,54772,3,6,54814,51928,2886,20169,16588,10617,5056,847,522,1015
"2011","Warwick","E07000222","Total",60427,60380,5,42,60631,58679,1952,14748,18709,13049,10432,2818,761,114
"2011","Birmingham","E08000025","Total",423633,423109,191,333,425095,410736,14359,46449,147412,125101,86595,14063,5341,134
"2011","Coventry","E08000026","Total",132891,132699,42,150,133696,128592,5104,13788,36805,57450,21397,2738,1294,224
"2011","Dudley","E08000027","Total",133908,133872,10,26,134022,129867,4155,28835,64870,21636,15743,1635,1221,82
"2011","Sandwell","E08000028","Total",127072,127029,20,23,127196,121498,5698,14273,55270,33357,21314,1567,1344,71
"2011","Solihull","E08000029","Total",88229,88220,7,2,88250,86056,2194,24984,33110,13928,14861,596,632,139
"2011","Walsall","E08000030","Total",110943,110901,18,24,111038,107822,3216,20187,46779,24739,16832,1072,1211,218
"2011","Wolverhampton","E08000031","Total",105825,105739,30,56,106109,102177,3932,16659,47409,18822,19704,2380,1043,92
"2011","Bromsgrove","E07000234","Total",39374,39371,1,2,39385,38290,1095,14761,14238,5730,3493,423,360,380
"2011","Malvern Hills","E07000235","Total",33689,33676,6,7,33717,32212,1505,14757,10305,3713,2903,1191,413,435
"2011","Redditch","E07000236","Total",35371,35349,6,16,35439,34722,717,9493,10592,9653,4928,581,169,23
"2011","Worcester","E07000237","Total",43272,43236,9,27,43415,42042,1373,9498,15077,10000,6849,1325,594,72
"2011","Wychavon","E07000238","Total",51930,51915,9,6,51968,49466,2502,21469,15388,8758,4230,802,511,810
"2011","Wyre Forest","E07000239","Total",45008,44989,7,12,45059,42985,2074,13178,16472,8349,4418,787,494,1361
"2011","Bedford","E06000055","Total",67333,67245,29,59,67653,63812,3841,18554,21776,14818,8458,2729,711,607
"2011","Central Bedfordshire","E06000056","Total",108692,108677,7,8,108733,104399,4334,30656,36801,27482,10749,1134,878,1033
"2011","Luton","E06000032","Total",76014,75926,32,56,76295,74293,2002,9772,30616,19068,13800,2223,693,123
"2011","Peterborough","E06000031","Total",76760,76737,9,14,76826,74023,2803,20851,23918,19376,10323,1298,590,470
"2011","Southend-on-Sea","E06000033","Total",78603,78469,25,109,79126,74678,4448,12512,24457,14479,14733,11300,1611,34
"2011","Thurrock","E06000034","Total",63869,63858,6,5,63889,62353,1536,7609,21022,20610,13349,570,547,182
"2011","Cambridge","E07000008","Total",48288,48196,26,66,48835,46714,2121,5093,12905,14512,13641,2104,497,83
"2011","East Cambridgeshire","E07000009","Total",35747,35741,2,4,35760,34614,1146,15144,11369,6281,2024,376,219,347
"2011","Fenland","E07000010","Total",42087,42074,3,10,42124,40620,1504,19178,12175,6665,2931,478,331,366
"2011","Huntingdonshire","E07000011","Total",71399,71392,5,2,71414,69333,2081,28653,21464,13507,6079,777,470,464
"2011","South Cambridgeshire","E07000012","Total",61724,61710,11,3,61751,59960,1791,25576,20662,10911,3098,509,308,687
"2011","Basildon","E07000066","Total",74032,74029,2,1,74039,72746,1293,16090,19051,26026,11820,502,228,322
"2011","Braintree","E07000067","Total",62704,62694,3,7,62743,61043,1700,17969,21285,15065,7103,753,388,180
"2011","Brentwood","E07000068","Total",32067,32059,2,6,32088,30646,1442,9945,10230,5036,5748,705,327,97
"2011","Castle Point","E07000069","Total",37682,37680,1,1,37693,36440,1253,15677,14361,3074,2629,332,345,1275
"2011","Chelmsford","E07000070","Total",71247,71240,2,5,71273,69667,1606,21258,22388,14576,11351,756,468,476
"2011","Colchester","E07000071","Total",74538,74493,11,34,74731,71634,3097,23264,22334,13917,13327,1288,478,123
"2011","Epping Forest","E07000072","Total",54409,54405,3,1,54433,51991,2442,12696,17183,12384,10205,665,567,733
"2011","Harlow","E07000073","Total",35719,35708,3,8,35752,34620,1132,3356,5298,18156,8496,269,137,40
"2011","Maldon","E07000074","Total",27210,27209,0,1,27212,25817,1395,12047,7995,4287,1896,267,263,457
"2011","Rochford","E07000075","Total",34444,34442,0,2,34461,33564,897,11345,16176,2767,3248,184,232,509
"2011","Tendring","E07000076","Total",66928,66899,10,19,67036,62105,4931,26564,20629,7978,8544,1781,840,700
"2011","Uttlesford","E07000077","Total",32862,32862,0,0,32862,31316,1546,13669,10000,5454,2924,389,221,205
"2011","Broxbourne","E07000095","Total",39192,39185,4,3,39207,37658,1549,5903,11090,12283,8852,474,462,143
"2011","Dacorum","E07000096","Total",61942,61936,2,4,61969,59938,2031,13214,14939,19535,12400,938,600,343
"2011","East Hertfordshire","E07000242","Total",58346,58341,2,3,58356,56577,1779,16294,17459,13397,9615,912,562,117
"2011","Hertsmere","E07000098","Total",40993,40983,3,7,41034,39778,1256,7996,13493,9175,9030,578,542,220
"2011","North Hertfordshire","E07000099","Total",54962,54953,2,7,54995,53426,1569,13450,16547,14315,8952,827,549,355
"2011","St Albans","E07000240","Total",57891,57867,6,18,58000,56140,1860,15443,17403,12231,10501,1472,644,306
"2011","Stevenage","E07000243","Total",35569,35562,2,5,35584,34898,686,4105,6470,17758,6613,352,266,20
"2011","Three Rivers","E07000102","Total",36155,36151,4,0,36159,35108,1051,9494,12666,6899,6030,389,353,328
"2011","Watford","E07000103","Total",37404,37353,17,34,37577,36681,896,3935,10559,10298,10139,2059,570,17
"2011","Welwyn Hatfield","E07000241","Total",45531,45525,4,2,45545,43613,1932,9097,10487,15687,9384,384,381,125
"2011","Breckland","E07000143","Total",57425,57420,3,2,57438,54519,2919,26842,16420,10055,2975,533,341,272
"2011","Broadland","E07000144","Total",54860,54854,3,3,54885,53336,1549,25710,20816,5606,1849,335,257,312
"2011","Great Yarmouth","E07000145","Total",44355,44328,8,19,44438,42079,2359,13059,10487,13610,4804,1344,571,563
"2011","King's Lynn and West Norfolk","E07000146","Total",73962,73943,7,12,74016,62977,11039,30760,21237,10960,5269,960,491,4339
"2011","North Norfolk","E07000147","Total",53224,53215,4,5,53243,46046,7197,23448,15332,8603,3398,1421,613,428
"2011","Norwich","E07000148","Total",63313,63249,16,48,63538,60319,3219,6552,13726,21519,18605,2311,769,56
"2011","South Norfolk","E07000149","Total",54617,54616,0,1,54620,52809,1811,27839,16623,6602,2610,472,257,217
"2011","Babergh","E07000200","Total",39015,39010,3,2,39026,37522,1504,16231,11476,8458,2135,333,295,98
"2011","Forest Heath","E07000201","Total",27547,27538,6,3,27561,25376,2185,9983,7865,5906,2836,447,263,261
"2011","Ipswich","E07000202","Total",59301,59259,10,32,59448,57298,2150,7980,22448,14339,12049,1908,648,76
"2011","Mid Suffolk","E07000203","Total",41918,41913,2,3,41929,40306,1623,19908,13676,5753,1764,332,221,275
"2011","St Edmundsbury","E07000204","Total",47139,47127,4,8,47188,45802,1386,16385,12613,12595,4368,583,395,249
"2011","Suffolk Coastal","E07000205","Total",58330,58306,10,14,58385,53558,4827,25412,16982,9885,4029,1111,505,461
"2011","Waveney","E07000206","Total",54558,54525,17,16,54628,50883,3745,18436,14937,15365,3594,1420,569,307
"2011","Camden","E09000007","Total",99828,99127,166,535,102703,97534,5169,1961,4179,9040,53696,30640,3134,53
"2011","City of London","E09000001","Total",5513,5503,7,3,5530,4385,1145,22,12,80,4760,209,447,0
"2011","Hackney","E09000012","Total",102408,101753,238,417,104356,101690,2666,1927,4428,15931,60517,18837,2635,81
"2011","Hammersmith and Fulham","E09000013","Total",82390,81878,154,358,84214,80590,3624,1205,4135,17323,35918,23614,1970,49
"2011","Haringey","E09000014","Total",104173,103530,222,421,106099,101955,4144,4519,10040,28833,32961,26988,2687,71
"2011","Islington","E09000019","Total",96872,96400,153,319,98196,93556,4640,1093,2845,13402,53386,24650,2753,67
"2011","Kensington and Chelsea","E09000020","Total",84798,84224,92,482,87705,78536,9169,1169,2809,10868,45683,25245,1835,96
"2011","Lambeth","E09000022","Total",132213,131511,228,474,134231,130017,4214,3260,10946,21850,65091,31084,1960,40
"2011","Lewisham","E09000023","Total",117651,117309,131,211,118617,116091,2526,3868,15588,33402,42669,21106,1932,52
"2011","Newham","E09000025","Total",103212,103012,109,91,103617,101519,2098,6982,10941,37272,37904,8731,1711,76
"2011","Southwark","E09000028","Total",123265,122885,167,213,124167,120422,3745,2659,7912,19705,77954,13851,1916,170
"2011","Tower Hamlets","E09000030","Total",105379,105067,125,187,106136,101257,4879,1252,2626,10987,84970,4456,1737,108
"2011","Wandsworth","E09000032","Total",134619,134202,152,265,135897,130493,5404,3338,9995,32907,59538,27080,2939,100
"2011","Westminster","E09000033","Total",118318,117796,179,343,120066,105772,14294,1371,2183,9317,79734,23709,3714,38
"2011","Barking and Dagenham","E09000002","Total",71079,71020,31,28,71206,69681,1525,2831,13895,32983,18841,1726,903,27
"2011","Barnet","E09000003","Total",139346,139090,95,161,140062,135916,4146,15372,41644,22729,44957,12613,2567,180
"2011","Bexley","E09000004","Total",95037,95000,21,16,95114,92604,2510,6891,42035,23554,19563,1688,1360,23
"2011","Brent","E09000005","Total",112083,111748,124,211,113342,110286,3056,7402,27064,19191,37374,20133,2121,57
"2011","Bromley","E09000006","Total",135036,134923,36,77,135460,130862,4598,24890,40474,29223,29910,8548,2201,214
"2011","Croydon","E09000008","Total",148099,147842,89,168,148824,145010,3814,18622,37337,38851,38111,13373,2481,49
"2011","Ealing","E09000009","Total",127187,126854,116,217,128248,124082,4166,6964,29118,33563,39916,16349,2177,161
"2011","Enfield","E09000010","Total",122042,121874,85,83,122421,119916,2505,8546,28797,38116,37042,8023,1832,65
"2011","Greenwich","E09000011","Total",103186,102978,63,145,103827,101045,2782,4380,19255,32040,39406,7650,1049,47
"2011","Harrow","E09000015","Total",86524,86471,18,35,86667,84268,2399,10252,33827,16053,19648,5430,1443,14
"2011","Havering","E09000016","Total",99184,99150,9,25,99290,97199,2091,10823,40405,26166,18907,1523,1255,211
"2011","Hillingdon","E09000017","Total",103907,103879,14,14,103990,100214,3776,15051,37387,23430,23639,2737,1575,171
"2011","Hounslow","E09000018","Total",96892,96738,62,92,97274,94902,2372,4596,28467,22286,33988,6461,1315,161
"2011","Kingston upon Thames","E09000021","Total",65198,65092,27,79,65693,63639,2054,8317,20617,11764,18834,4876,1220,65
"2011","Merton","E09000024","Total",80919,80825,42,52,81210,78757,2453,4701,14732,31138,21540,7734,1334,31
"2011","Redbridge","E09000026","Total",101348,101237,54,57,101575,99105,2470,6920,26849,35256,24301,6606,1578,65
"2011","Richmond upon Thames","E09000027","Total",82482,82375,31,76,82827,79835,2992,6932,19947,22290,23084,8407,1951,216
"2011","Sutton","E09000029","Total",79696,79624,23,49,79942,78174,1768,8530,22450,20573,23828,3306,1237,18
"2011","Waltham Forest","E09000031","Total",98279,98094,97,88,98749,96861,1888,4586,16668,36698,26856,12073,1826,42
"2011","Bracknell Forest","E06000036","Total",46937,46923,4,10,47039,45878,1161,12883,9648,14885,8058,464,262,839
"2011","Brighton and Hove","E06000043","Total",124417,123902,91,424,126827,121540,5287,12897,24174,26001,31739,29466,2495,55
"2011","Isle of Wight","E06000046","Total",67506,67464,10,32,67676,61085,6591,23164,19067,10573,8992,4333,1098,449
"2011","Medway","E06000035","Total",110107,110045,27,35,110263,106209,4054,15031,32487,44980,13198,2563,1095,909
"2011","Milton Keynes","E06000042","Total",102012,101999,5,8,102048,98584,3464,28781,28636,28006,15139,952,456,78
"2011","Portsmouth","E06000044","Total",88091,87930,61,100,88638,85473,3165,3667,13809,39699,23209,6791,1323,140
"2011","Reading","E06000038","Total",65551,65435,29,87,65925,62869,3056,7992,16686,20024,16492,3885,696,150
"2011","Slough","E06000039","Total",51781,51738,18,25,51980,50766,1214,5190,14478,14669,15544,1612,442,45
"2011","Southampton","E06000045","Total",100596,100389,62,145,101272,98254,3018,13336,26029,21324,33569,5790,1157,67
"2011","West Berkshire","E06000037","Total",64603,64586,6,11,64657,62340,2317,21875,21198,11542,7548,1272,503,719
"2011","Windsor and Maidenhead","E06000040","Total",60901,60886,9,6,60943,58349,2594,18992,15426,11432,11543,2033,852,665
"2011","Wokingham","E06000041","Total",62474,62465,6,3,62490,60332,2158,27840,18065,9107,5759,734,340,645
"2011","Aylesbury Vale","E07000004","Total",71883,71861,7,15,72072,69406,2666,23293,23063,16916,7165,1007,470,158
"2011","Chiltern","E07000005","Total",38287,38275,8,4,38306,36946,1360,16719,9456,6315,4419,643,465,289
"2011","South Bucks","E07000006","Total",27709,27702,5,2,27721,26514,1207,11290,6782,3826,4492,447,417,467
"2011","Wycombe","E07000007","Total",70087,70049,12,26,70235,67861,2374,21795,23033,11452,11220,1762,652,321
"2011","Eastbourne","E07000061","Total",47469,47373,19,77,47842,45012,2830,7837,9787,11643,13234,4606,699,36
"2011","Hastings","E07000062","Total",42771,42679,23,69,43059,41159,1900,7734,8652,9872,8675,7210,780,136
"2011","Lewes","E07000063","Total",43847,43826,12,9,43890,42181,1709,15397,11629,8364,6255,1430,574,241
"2011","Rother","E07000064","Total",44016,43997,4,15,44069,40877,3192,18430,9589,5902,6209,2922,788,229
"2011","Wealden","E07000065","Total",65159,65145,9,5,65200,62676,2524,29030,19581,8289,5562,1263,707,768
"2011","Basingstoke and Deane","E07000084","Total",70936,70924,5,7,70965,69315,1650,21890,17615,20624,9444,814,319,259
"2011","East Hampshire","E07000085","Total",49099,49090,6,3,49114,47258,1856,20883,12046,8757,5737,870,462,359
"2011","Eastleigh","E07000086","Total",53401,53394,3,4,53415,52177,1238,17894,14698,11783,7447,791,409,393
"2011","Fareham","E07000087","Total",47941,47937,1,3,47950,46579,1371,17243,15246,9131,5421,382,355,172
"2011","Gosport","E07000088","Total",36677,36668,3,6,36712,35430,1282,4841,9612,13318,7758,607,461,115
"2011","Hart","E07000089","Total",36501,36497,3,1,36527,35510,1017,16222,9220,6736,3400,320,331,298
"2011","Havant","E07000090","Total",52781,52772,2,7,52814,51311,1503,14976,14958,12606,8830,660,606,178
"2011","New Forest","E07000091","Total",80286,80272,5,9,80332,76839,3493,36410,18715,12729,9000,1200,975,1303
"2011","Rushmoor","E07000092","Total",37658,37639,3,16,37724,36344,1380,6340,12199,9307,8145,1082,443,208
"2011","Test Valley","E07000093","Total",49143,49138,1,4,49164,47626,1538,18995,12581,11061,5118,636,376,397
"2011","Winchester","E07000094","Total",49140,49124,9,7,49168,46865,2303,17972,12158,10239,6449,1267,473,610
"2011","Ashford","E07000105","Total",49747,49726,7,14,49806,47787,2019,16613,15034,12031,4542,803,284,499
"2011","Canterbury","E07000106","Total",63859,63800,20,39,64041,60771,3270,20098,19262,11974,8540,2596,898,673
"2011","Dartford","E07000107","Total",41220,41209,5,6,41250,40081,1169,5195,12870,13674,8152,989,252,118
"2011","Dover","E07000108","Total",51453,51408,11,34,51615,48310,3305,11312,15254,15177,6161,2135,600,976
"2011","Gravesham","E07000109","Total",41699,41681,6,12,41744,40431,1313,6754,13321,13248,6534,1259,499,129
"2011","Maidstone","E07000110","Total",65526,65483,8,35,65673,63447,2226,16745,21954,15752,8705,1405,471,641
"2011","Sevenoaks","E07000111","Total",48376,48369,2,5,48400,47020,1380,16101,13870,11284,5089,1024,465,567
"2011","Folkestone and Hythe","E07000112","Total",49568,49485,21,62,49873,47379,2494,13451,12032,11010,7726,4492,883,279
"2011","Swale","E07000113","Total",57989,57966,12,11,58053,55585,2468,13653,18870,18307,4987,1151,592,493
"2011","Thanet","E07000114","Total",64998,64913,29,56,65276,59513,5763,12790,18332,14826,11450,5890,1063,925
"2011","Tonbridge and Malling","E07000115","Total",49972,49964,5,3,49984,48140,1844,13618,18707,11281,5049,644,486,199
"2011","Tunbridge Wells","E07000116","Total",48922,48883,11,28,49085,47174,1911,13096,14424,8779,7955,3929,736,166
"2011","Cherwell","E07000177","Total",59018,58990,12,16,59079,56728,2351,17850,20800,13661,5060,1041,490,177
"2011","Oxford","E07000178","Total",57217,57093,38,86,57695,55375,2320,5216,17163,16251,14747,3511,646,161
"2011","South Oxfordshire","E07000179","Total",56644,56634,7,3,56663,54104,2559,20279,18303,10779,4943,859,579,921
"2011","Vale of White Horse","E07000180","Total",51020,51016,2,2,51036,49407,1629,18581,15467,9612,5536,903,396,541
"2011","West Oxfordshire","E07000181","Total",45580,45576,2,2,45597,43241,2356,15620,14727,10270,3595,614,444,327
"2011","Elmbridge","E07000207","Total",55731,55716,4,11,55774,52922,2852,18817,14245,9386,10940,1488,846,52
"2011","Epsom and Ewell","E07000208","Total",30538,30531,2,5,30580,29784,796,8254,10774,4284,6049,735,466,18
"2011","Guildford","E07000209","Total",56080,56045,9,26,56220,53973,2247,18918,18188,7793,8145,2208,523,445
"2011","Mole Valley","E07000210","Total",36971,36964,3,4,36989,35828,1161,14062,10325,4554,5738,1094,458,758
"2011","Reigate and Banstead","E07000211","Total",57053,57019,15,19,57150,55423,1727,16169,16845,9499,11798,1775,694,370
"2011","Runnymede","E07000212","Total",34246,34227,7,12,34316,32714,1602,9394,11049,5363,6121,803,442,1144
"2011","Spelthorne","E07000213","Total",40887,40869,6,12,40945,39512,1433,8063,14222,8498,8423,898,571,270
"2011","Surrey Heath","E07000214","Total",34733,34725,4,4,34757,33546,1211,15722,8618,4518,4681,665,338,215
"2011","Tandridge","E07000215","Total",34718,34710,5,3,34741,33342,1399,12665,9705,4828,5733,992,509,309
"2011","Waverley","E07000216","Total",51545,51532,5,8,51597,49280,2317,21196,13915,7511,6572,1540,597,266
"2011","Woking","E07000217","Total",40652,40645,0,7,40691,39467,1224,12709,9872,7922,8689,919,448,132
"2011","Adur","E07000223","Total",27653,27647,2,4,27673,26957,716,5069,10399,5872,5061,659,367,246
"2011","Arun","E07000224","Total",70190,70115,22,53,70472,66706,3766,23729,16283,13773,11531,3317,809,1030
"2011","Chichester","E07000225","Total",53813,53802,2,9,53876,49848,4028,20136,14688,9910,6947,1167,555,473
"2011","Crawley","E07000226","Total",43464,43455,3,6,43484,42727,757,6050,9013,18098,9688,398,227,10
"2011","Horsham","E07000227","Total",56516,56503,3,10,56551,54923,1628,21844,14985,9613,8293,929,492,395
"2011","Mid Sussex","E07000228","Total",58712,58699,5,8,58760,57409,1351,20422,17476,9465,8732,1667,727,271
"2011","Worthing","E07000229","Total",48311,48219,18,74,48690,47044,1646,10358,11079,10008,11540,4845,856,4
"2011","Bath and North East Somerset","E06000022","Total",75931,75821,24,86,76304,73515,2789,16524,21350,21318,9515,6351,951,295
"2011","Bournemouth","E06000028","Total",85381,85007,77,297,87016,82374,4642,26989,11494,5429,27388,13225,2058,433
"2011","Bristol, City of","E06000023","Total",188438,187980,127,331,189885,182747,7138,11164,49983,63331,40016,22074,3149,168
"2011","Cornwall","E06000052","Total",258883,258747,44,92,259346,230389,28957,97594,63331,59153,22414,9340,3220,4294
"2011","Isles of Scilly","E06000053","Total",1388,1387,1,0,1389,989,400,442,316,226,130,203,70,2
"2011","North Somerset","E06000024","Total",91694,91604,29,61,91954,88227,3727,30398,27476,14463,11352,6458,857,950
"2011","Plymouth","E06000026","Total",113069,112883,73,113,113528,109307,4221,12220,33245,37987,19272,9553,950,301
"2011","Poole","E06000029","Total",66502,66454,13,35,66646,63530,3116,26101,13566,8236,15536,2429,731,47
"2011","South Gloucestershire","E06000025","Total",109984,109967,9,8,110024,107538,2486,29001,37523,30140,10240,1580,816,724
"2011","Swindon","E06000030","Total",91128,91088,15,25,91227,88360,2867,19273,26622,29103,13833,1601,578,217
"2011","Torbay","E06000027","Total",63966,63852,33,81,64370,59010,5360,14088,15012,15143,11409,7208,1292,218
"2011","Wiltshire","E06000054","Total",201991,201936,17,38,202145,194194,7951,70890,62583,44213,17653,3561,1733,1512
"2011","East Devon","E07000040","Total",63881,63853,11,17,63956,59071,4885,24567,16399,12484,6067,3057,969,413
"2011","Exeter","E07000041","Total",50716,50619,20,77,51020,49242,1778,6926,13072,16707,10363,3002,571,379
"2011","Mid Devon","E07000042","Total",33972,33966,2,4,33990,32758,1232,13079,9700,7811,2133,720,358,189
"2011","North Devon","E07000043","Total",44424,44379,16,29,44559,40001,4558,17113,9744,10011,4043,2435,795,418
"2011","South Hams","E07000044","Total",43238,43232,5,1,43245,36858,6387,16624,11043,9417,3218,2019,602,322
"2011","Teignbridge","E07000045","Total",57720,57681,18,21,57816,54003,3813,21165,13883,13082,4874,2919,719,1174
"2011","Torridge","E07000046","Total",30698,30685,7,6,30729,27986,2743,13071,6608,7535,1992,905,412,206
"2011","West Devon","E07000047","Total",24677,24669,4,4,24697,22725,1972,10662,6197,5158,1549,626,324,181
"2011","Christchurch","E07000048","Total",23132,23129,1,2,23142,21475,1667,9399,4373,4073,4230,615,332,120
"2011","East Dorset","E07000049","Total",38970,38966,1,3,38979,37564,1415,23587,6095,3694,3937,426,293,947
"2011","North Dorset","E07000050","Total",30397,30388,5,4,30416,28670,1746,12316,8722,5935,2335,568,342,198
"2011","Purbeck","E07000051","Total",22129,22126,0,3,22140,19583,2557,8452,5354,4130,2649,879,316,360
"2011","West Dorset","E07000052","Total",49319,49309,6,4,49339,44386,4953,18231,11902,11148,5616,1331,592,519
"2011","Weymouth and Portland","E07000053","Total",30997,30980,4,13,31043,28535,2508,7094,6580,9487,5144,1928,504,306
"2011","Cheltenham","E07000078","Total",53122,53051,12,59,53430,50929,2501,9473,17169,11545,9940,4370,621,312
"2011","Cotswold","E07000079","Total",39944,39934,5,5,39968,36236,3732,14823,12051,8446,2931,863,499,355
"2011","Forest of Dean","E07000080","Total",36164,36157,5,2,36175,34167,2008,16257,12263,4833,1536,577,395,314
"2011","Gloucester","E07000081","Total",52722,52654,16,52,52946,50363,2583,10788,20726,11710,7237,1826,424,235
"2011","Stroud","E07000082","Total",49935,49921,5,9,49983,47794,2189,18222,16234,9521,4237,991,497,281
"2011","Tewkesbury","E07000083","Total",37057,37055,1,1,37065,35126,1939,12987,12671,6906,3146,335,306,714
"2011","Mendip","E07000187","Total",48675,48661,7,7,48719,46157,2562,15242,15287,11988,4100,1359,536,207
"2011","Sedgemoor","E07000188","Total",50879,50862,9,8,50921,48801,2120,16777,15758,11532,4708,1184,567,395
"2011","South Somerset","E07000189","Total",73375,73363,4,8,73410,69501,3909,24593,22543,17662,5763,1543,674,632
"2011","Taunton Deane","E07000190","Total",49220,49182,11,27,49321,46907,2414,14469,14083,12377,6071,1466,437,418
"2011","West Somerset","E07000191","Total",17571,17565,2,4,17594,15623,1971,6354,5179,3216,1504,831,329,181
"2011","Isle of Anglesey","W06000001","Total",34168,34156,10,2,34183,30594,3589,16382,7281,7620,1661,563,352,324
"2011","Gwynedd","W06000002","Total",61009,60983,11,15,61075,52473,8602,21308,14013,18920,3829,1582,910,513
"2011","Conwy","W06000003","Total",56106,56071,11,24,56199,51177,5022,19849,17191,8157,6420,3261,931,390
"2011","Denbighshire","W06000004","Total",42648,42615,16,17,42737,40546,2191,18786,13175,5689,3180,1173,600,134
"2011","Flintshire","W06000005","Total",65795,65776,9,10,65838,63781,2057,24660,27054,9285,3427,596,496,320
"2011","Wrexham","W06000006","Total",59005,58985,10,10,59044,57029,2015,18203,21773,12150,5758,613,361,186
"2011","Powys","W06000023","Total",63446,63427,11,8,63482,58345,5137,30377,15523,11401,3409,1183,944,645
"2011","Ceredigion","W06000008","Total",34569,34529,17,23,34669,31562,3107,17046,7685,5278,2273,1450,548,389
"2011","Pembrokeshire","W06000009","Total",60668,60646,13,9,60712,53122,7590,25251,15846,11716,4726,1512,868,793
"2011","Carmarthenshire","W06000010","Total",84115,84095,13,7,84155,78829,5326,32684,27879,16761,4259,1318,777,477
"2011","Swansea","W06000011","Total",108729,108646,37,46,108977,103497,5480,25318,36311,28730,14541,2795,865,417
"2011","Neath Port Talbot","W06000012","Total",63978,63963,7,8,64017,60393,3624,12698,27189,17235,5520,773,509,93
"2011","Bridgend","W06000013","Total",61445,61427,7,11,61498,58515,2983,14346,23669,16452,5194,1157,560,120
"2011","Vale of Glamorgan","W06000014","Total",55644,55633,5,6,55664,53505,2159,14842,17045,14976,6320,1573,581,327
"2011","Cardiff","W06000015","Total",148093,147913,59,121,148599,142557,6042,20106,42790,45102,30565,8546,1405,85
"2011","Rhondda Cynon Taff","W06000016","Total",105269,105249,9,11,105310,99663,5647,15271,27956,53075,6977,1038,848,145
"2011","Merthyr Tydfil","W06000024","Total",26245,26242,1,2,26254,24264,1990,4013,7257,13185,1328,223,222,26
"2011","Caerphilly","W06000018","Total",77217,77207,3,7,77244,74479,2765,12455,30270,27852,5320,627,686,34
"2011","Blaenau Gwent","W06000019","Total",31952,31952,0,0,31952,30416,1536,3506,8517,16669,2551,298,385,26
"2011","Torfaen","W06000020","Total",40224,40222,0,2,40229,38524,1705,7168,10806,17246,4349,316,273,71
"2011","Monmouthshire","W06000021","Total",40044,40033,5,6,40078,38233,1845,17638,11354,6789,3174,579,433,111
"2011","Newport","W06000022","Total",63445,63394,11,40,63605,61172,2433,11830,19371,21091,8736,1875,543,159
