"date","geography","geography code","Rural Urban","Qualifications: All categories: Highest level of qualification; measures: Value","Qualifications: No qualifications; measures: Value","Qualifications: Highest level of qualification: Level 1 qualifications; measures: Value","Qualifications: Highest level of qualification: Level 2 qualifications; measures: Value","Qualifications: Highest level of qualification: Apprenticeship; measures: Value","Qualifications: Highest level of qualification: Level 3 qualifications; measures: Value","Qualifications: Highest level of qualification: Level 4 qualifications and above; measures: Value","Qualifications: Highest level of qualification: Other qualifications; measures: Value","Qualifications: Schoolchildren and full-time students: Age 16 to 17; measures: Value","Qualifications: Schoolchildren and full-time students: Age 18 and over; measures: Value","Qualifications: Full-time students: Age 18 to 74: Economically active: In employment; measures: Value","Qualifications: Full-time students: Age 18 to 74: Economically active: Unemployed; measures: Value","Qualifications: Full-time students: Age 18 to 74: Economically inactive; measures: Value"
"2011","Darlington","E06000005","Total",85357,21179,11445,13568,4350,10883,20244,3688,2337,2247,992,181,1065
"2011","County Durham","E06000047","Total",425258,116948,57032,67905,17694,57957,91249,16473,10456,23152,6408,1249,15413
"2011","Hartlepool","E06000001","Total",74228,22758,10057,11992,4076,9276,13063,3006,2342,2376,864,289,1209
"2011","Middlesbrough","E06000002","Total",110409,33002,15053,16891,4874,14542,20472,5575,3246,8375,2528,1044,4784
"2011","Northumberland","E06000057","Total",262162,62584,35791,43363,11823,31650,67024,9927,6585,6371,2749,492,3081
"2011","Redcar and Cleveland","E06000003","Total",111011,31550,14947,18225,6366,14572,21013,4338,3097,3324,1305,328,1678
"2011","Stockton-on-Tees","E06000004","Total",154503,36728,21465,26049,8085,20952,35250,5974,4488,6752,2379,592,3762
"2011","Gateshead","E08000037","Total",164716,46192,23592,25601,8563,18611,35409,6748,4176,6373,2340,489,3505
"2011","Newcastle upon Tyne","E08000021","Total",232203,54885,26240,29055,7928,39659,63073,11363,5360,37730,9736,3358,24572
"2011","North Tyneside","E08000022","Total",165088,39157,23183,26536,8685,19623,41734,6170,4028,5196,2409,419,2345
"2011","South Tyneside","E08000023","Total",122200,34189,17799,19806,7473,14679,23514,4740,3172,4501,1878,486,2119
"2011","Sunderland","E08000024","Total",227314,66036,35248,36935,11411,27289,41337,9058,5704,11658,4087,1316,6232
"2011","Blackburn with Darwen","E06000008","Total",113122,32485,16211,17221,4428,12923,22416,7438,3834,5306,1874,588,2822
"2011","Blackpool","E06000009","Total",116699,36559,18129,19993,4886,13546,18098,5488,2942,3903,1733,429,1723
"2011","Cheshire East","E06000049","Total",304374,59806,36823,48576,12395,37854,97248,11672,8284,10298,4154,769,5332
"2011","Cheshire West and Chester","E06000050","Total",271473,56940,36010,42655,10727,35042,79712,10387,7048,11532,4697,943,5853
"2011","Halton","E06000006","Total",100819,27126,16975,18702,3839,12618,17792,3767,2920,3327,1351,330,1624
"2011","Warrington","E06000007","Total",163477,33815,23846,27000,6699,20593,44870,6654,4638,5194,2447,424,2294
"2011","Allerdale","E07000026","Total",80155,21636,10960,12969,4020,9236,18254,3080,2088,1496,689,117,677
"2011","Barrow-in-Furness","E07000027","Total",56796,14422,7710,8912,5229,7791,10785,1947,1543,1191,532,122,533
"2011","Carlisle","E07000028","Total",89042,22164,13199,14560,4103,11177,19766,4073,2020,3284,1498,306,1472
"2011","Copeland","E07000029","Total",58613,15800,8335,9178,3439,7289,12307,2265,1444,1022,410,81,517
"2011","Eden","E07000030","Total",43976,9968,5914,7253,1637,5286,12059,1859,998,1105,559,78,465
"2011","South Lakeland","E07000031","Total",87777,16583,10532,13516,4049,10377,29277,3443,2312,1807,905,79,813
"2011","Bolton","E08000001","Total",219710,57888,31152,34731,9396,26408,48688,11447,6647,9413,3533,982,4863
"2011","Bury","E08000002","Total",147935,33377,20823,25408,5235,18217,37989,6886,4293,5173,2006,441,2697
"2011","Manchester","E08000003","Total",405709,93765,44981,48749,6902,65100,117243,28969,9517,70168,18735,6556,44795
"2011","Oldham","E08000004","Total",174438,51620,25521,27578,7325,20422,32458,9514,5436,7072,2468,868,3714
"2011","Rochdale","E08000005","Total",166916,47906,24521,27351,6122,19597,32371,9048,5266,6594,2213,728,3627
"2011","Salford","E08000006","Total",188780,51175,26189,29161,6337,23870,42103,9945,4792,13014,5070,1616,6295
"2011","Stockport","E08000007","Total",229822,47430,30962,36785,9276,27896,68506,8967,6321,7642,3162,543,3901
"2011","Tameside","E08000008","Total",176616,49547,28347,30600,7886,21371,30994,7871,4962,5650,2168,545,2910
"2011","Trafford","E08000009","Total",180754,33573,22490,28590,6165,21078,61051,7807,5342,6617,2885,537,3174
"2011","Wigan","E08000010","Total",257825,70486,39403,44174,12135,31368,50374,9885,6751,7487,3480,675,3293
"2011","Burnley","E07000117","Total",69915,20512,10075,11046,3251,8606,13092,3333,1884,2392,905,219,1261
"2011","Chorley","E07000118","Total",87532,18594,11760,14210,4225,11052,24361,3330,2204,2318,1119,133,1056
"2011","Fylde","E07000119","Total",63757,13497,7638,10560,2678,7826,18982,2576,1573,1630,823,118,679
"2011","Hyndburn","E07000120","Total",64092,17942,8868,10400,3547,8043,12132,3160,1880,2304,1016,250,1030
"2011","Lancaster","E07000121","Total",115405,23804,13178,17539,4231,20214,31396,5043,2820,13603,3738,840,9015
"2011","Pendle","E07000122","Total",71128,20031,9477,10758,3404,8914,14392,4152,1889,2479,994,240,1236
"2011","Preston","E07000123","Total",113422,26601,14311,16410,4380,17171,27930,6619,2880,12055,4277,1451,6307
"2011","Ribble Valley","E07000124","Total",46552,8533,5175,7126,2339,5841,15817,1721,1391,1282,665,50,561
"2011","Rossendale","E07000125","Total",54811,13130,7504,9068,2201,7146,13776,1986,1641,1673,677,151,840
"2011","South Ribble","E07000126","Total",89163,18136,12038,14825,5165,12242,23537,3220,2336,2583,1342,176,1060
"2011","West Lancashire","E07000127","Total",90712,21296,12150,14318,3600,12652,23000,3696,2548,5539,2195,580,2745
"2011","Wyre","E07000128","Total",90467,23409,12155,15052,4370,10898,20793,3790,2471,2870,1345,211,1308
"2011","Knowsley","E08000011","Total",117225,40647,17774,18907,4037,13788,18120,3952,3607,4591,1781,507,2279
"2011","Liverpool","E08000012","Total",388315,111532,48659,55019,9866,59067,87126,17046,9621,46227,13255,4678,28221
"2011","Sefton","E08000014","Total",226435,56921,31674,37522,8810,28214,54490,8804,6321,8286,3655,744,3840
"2011","St. Helens","E08000013","Total",143372,39950,20522,23930,6251,17408,29924,5387,3954,4480,1812,441,2207
"2011","Wirral","E08000015","Total",260498,61014,35570,44986,11048,32688,65809,9383,7426,8419,3204,766,4388
"2011","East Riding of Yorkshire","E06000011","Total",278333,65035,36228,45111,14051,33672,72004,12232,7250,8267,3483,696,4030
"2011","Kingston upon Hull, City of","E06000010","Total",208040,65851,30362,32099,8371,27284,31687,12386,5315,14550,4166,1344,9008
"2011","North East Lincolnshire","E06000012","Total",129377,38209,20816,23003,6002,13998,20970,6379,3557,4173,1502,511,2143
"2011","North Lincolnshire","E06000013","Total",136105,35633,21498,22796,6636,15917,26583,7042,3650,3647,1428,355,1849
"2011","York","E06000014","Total",166275,29863,17636,23070,7429,27590,53875,6812,3667,19002,5730,1346,11900
"2011","Craven","E07000163","Total",46161,9356,5418,7263,2103,5655,14663,1703,1236,1048,523,72,449
"2011","Hambleton","E07000164","Total",74039,14536,8869,11914,3015,9015,23736,2954,1848,1476,736,57,673
"2011","Harrogate","E07000165","Total",129036,22312,15280,21135,4649,15220,44002,6438,3718,2963,1489,117,1342
"2011","Richmondshire","E07000166","Total",42698,7925,6419,7681,1590,5269,11513,2301,950,684,338,39,304
"2011","Ryedale","E07000167","Total",43200,10369,5427,7033,1768,4900,11793,1910,1266,812,367,45,393
"2011","Scarborough","E07000168","Total",91402,23755,11781,14853,4862,11027,20742,4382,2164,3259,1250,327,1665
"2011","Selby","E07000169","Total",68135,14431,9535,11323,3402,8731,17786,2927,1921,1486,750,111,619
"2011","Barnsley","E08000016","Total",188335,60890,26913,30550,7716,21342,32724,8200,4905,4942,1986,462,2458
"2011","Doncaster","E08000017","Total",244909,74119,37763,41607,10958,26126,41714,12622,6679,6466,2390,568,3466
"2011","Rotherham","E08000018","Total",208018,62076,32284,35048,9065,24001,36165,9379,5829,5666,2254,545,2830
"2011","Sheffield","E08000019","Total",452014,109841,55566,62097,16192,71594,116007,20717,10970,55021,14727,5166,35045
"2011","Bradford","E08000032","Total",400121,110892,56413,59350,15131,45101,87397,25837,12568,22342,7087,2429,12761
"2011","Calderdale","E08000033","Total",163645,38943,22314,26507,7989,20079,40881,6932,4551,5247,2161,451,2620
"2011","Kirklees","E08000034","Total",336309,85554,44435,50474,16232,42257,80275,17082,9333,18358,6442,1794,10070
"2011","Leeds","E08000035","Total",613992,142481,77294,86614,22893,90497,165429,28784,14928,59741,19022,6305,34318
"2011","Wakefield","E08000036","Total",265797,82621,38778,42790,11636,28205,48772,12995,6985,6300,2602,527,3134
"2011","Derby","E06000015","Total",198076,47731,26294,28681,9793,25838,47955,11784,5400,12910,4526,1353,7000
"2011","Leicester","E06000016","Total",260560,74409,33751,32781,5309,33888,55223,25199,7748,32323,8572,3138,20555
"2011","Nottingham","E06000018","Total",250104,63991,30619,32333,5715,46411,54875,16160,5762,45921,9678,3653,32541
"2011","Rutland","E06000017","Total",30683,5453,3729,5373,1114,3834,10096,1084,1354,777,301,32,437
"2011","Amber Valley","E07000032","Total",100841,27220,13986,15627,4683,12086,23346,3893,2685,2296,1025,157,1093
"2011","Bolsover","E07000033","Total",62192,20455,9520,10195,2308,7064,9853,2797,1665,1488,621,134,724
"2011","Chesterfield","E07000034","Total",85595,23618,12252,14567,3441,10342,17994,3381,2327,2152,919,199,1012
"2011","Derbyshire Dales","E07000035","Total",59299,12773,7088,8870,1992,6572,19816,2188,1536,1236,551,55,625
"2011","Erewash","E07000036","Total",91948,23808,14091,15197,4851,11350,19015,3636,2525,2343,1023,184,1121
"2011","High Peak","E07000037","Total",74416,15520,9771,11931,2943,9779,21884,2588,2058,2547,983,212,1341
"2011","North East Derbyshire","E07000038","Total",82699,22277,11752,13731,3632,9838,18340,3129,2107,1961,839,135,977
"2011","South Derbyshire","E07000039","Total",75910,16707,10674,12617,3663,9738,19701,2810,2251,2016,939,139,934
"2011","Blaby","E07000129","Total",76334,16964,11097,12257,4360,9378,18988,3290,2179,2233,1059,199,962
"2011","Charnwood","E07000130","Total",137878,28265,16740,19685,6586,23470,36916,6216,3781,15776,3575,887,11297
"2011","Harborough","E07000131","Total",69034,12461,9158,11275,3165,8340,21982,2653,2087,1785,794,80,906
"2011","Hinckley and Bosworth","E07000132","Total",86475,21089,12342,13895,4144,10733,20803,3469,2265,2086,960,134,977
"2011","Melton","E07000133","Total",41237,8808,5793,6794,1994,5225,10785,1838,1130,1048,489,79,473
"2011","North West Leicestershire","E07000134","Total",75791,19691,9988,11639,3426,9411,18402,3234,2036,2150,865,121,1151
"2011","Oadby and Wigston","E07000135","Total",46359,10461,6144,7008,1976,6796,11476,2498,1443,3608,904,285,2413
"2011","Boston","E07000136","Total",53275,17421,7705,8126,1745,4954,8060,5264,1277,1125,474,112,528
"2011","East Lindsey","E07000137","Total",115418,37648,16355,18058,4922,12071,20849,5515,2794,2218,837,185,1178
"2011","Lincoln","E07000138","Total",78190,17134,10349,12587,2899,14395,16644,4182,1752,9441,3242,1180,5010
"2011","North Kesteven","E07000139","Total",88700,19289,12232,15306,3885,11685,22559,3744,2373,1930,935,143,836
"2011","South Holland","E07000140","Total",73354,22628,11195,12070,2710,7354,11586,5811,1815,1199,545,93,555
"2011","South Kesteven","E07000141","Total",109085,23608,15098,18733,5007,13474,27974,5191,3147,2388,1173,201,1009
"2011","West Lindsey","E07000142","Total",73753,16963,10217,12217,3796,8796,18642,3122,2140,1684,753,140,787
"2011","Corby","E07000150","Total",48637,13439,8405,8330,2005,5393,7254,3811,1387,1340,645,101,587
"2011","Daventry","E07000151","Total",63031,11918,9337,10742,2762,7416,18158,2698,1906,1534,731,108,685
"2011","East Northamptonshire","E07000152","Total",69576,15506,10629,12222,3085,8220,16866,3048,2259,1632,719,111,795
"2011","Kettering","E07000153","Total",74809,17079,11565,12720,3244,8814,17406,3981,1971,1808,908,140,757
"2011","Northampton","E07000154","Total",169056,38113,25243,26773,6037,20905,40021,11964,4489,9524,3836,969,4697
"2011","South Northamptonshire","E07000155","Total",68624,11955,9609,11442,3058,8559,21308,2693,1946,1494,809,87,592
"2011","Wellingborough","E07000156","Total",60348,15534,9661,9932,2489,6544,12307,3881,1627,1577,744,147,678
"2011","Ashfield","E07000170","Total",96698,30345,15846,15901,4174,11626,14595,4211,2464,2277,936,221,1100
"2011","Bassetlaw","E07000171","Total",92702,26393,13513,15245,3847,10453,18761,4490,2624,2189,968,192,1018
"2011","Broxtowe","E07000172","Total",90938,21031,11721,13547,4079,11046,25678,3836,2393,4412,1362,252,2781
"2011","Gedling","E07000173","Total",93186,21980,12775,14737,4240,11999,23601,3854,2512,2621,1214,237,1152
"2011","Mansfield","E07000174","Total",85448,25944,13414,14087,3143,10376,13978,4506,2316,2133,945,204,970
"2011","Newark and Sherwood","E07000175","Total",93957,23550,13423,15088,3795,11169,22698,4234,2516,2625,1102,202,1314
"2011","Rushcliffe","E07000176","Total",90551,14835,9411,13032,3061,11861,35307,3044,2455,4563,1617,282,2658
"2011","Herefordshire, County of","E06000019","Total",151962,34845,19396,24322,5410,18235,41779,7975,3938,3853,1605,255,1969
"2011","Shropshire","E06000051","Total",252979,56943,33158,42594,9289,30749,69558,10688,7183,6516,2629,343,3513
"2011","Stoke-on-Trent","E06000021","Total",200642,67773,28825,31875,7066,23961,31041,10101,5378,11173,4006,1318,5809
"2011","Telford and Wrekin","E06000020","Total",132440,32612,20055,23731,4413,17199,27713,6717,4018,5412,1840,336,3217
"2011","Cannock Chase","E07000192","Total",79027,22278,12884,14034,2861,10021,13606,3343,2249,2123,960,232,926
"2011","East Staffordshire","E07000193","Total",91821,22671,13019,14802,3849,10752,21466,5262,2691,2518,1169,218,1119
"2011","Lichfield","E07000194","Total",83057,18622,11388,13304,2939,9779,23604,3421,2269,2196,992,151,1046
"2011","Newcastle-under-Lyme","E07000195","Total",102813,27529,13094,16098,3976,14874,23121,4121,2553,7961,2273,569,5095
"2011","South Staffordshire","E07000196","Total",90506,21699,12597,14973,3631,11356,22707,3543,2550,2571,1164,179,1217
"2011","Stafford","E07000197","Total",108626,22150,13804,17192,3751,14057,32887,4785,2861,5225,1885,453,2875
"2011","Staffordshire Moorlands","E07000198","Total",81106,21560,10406,13005,3369,9943,19255,3568,2064,2062,977,167,906
"2011","Tamworth","E07000199","Total",61467,16467,10713,10954,2283,7682,10706,2662,1786,1660,802,148,702
"2011","North Warwickshire","E07000218","Total",51049,14253,7800,8551,2091,6079,10096,2179,1346,1224,537,93,581
"2011","Nuneaton and Bedworth","E07000219","Total",101244,28384,15829,16561,4825,11760,18801,5084,2884,2799,1324,259,1198
"2011","Rugby","E07000220","Total",80689,15778,10707,12896,4238,9455,22735,4880,2434,2131,918,158,1046
"2011","Stratford-on-Avon","E07000221","Total",100042,19345,11971,15619,3619,11712,33396,4380,2641,2466,1057,122,1266
"2011","Warwick","E07000222","Total",114051,18691,11539,14527,3770,16392,43836,5296,2690,9998,2284,369,7325
"2011","Birmingham","E08000025","Total",828363,233835,110158,113967,17654,107913,190335,54501,26194,78440,20673,7983,49603
"2011","Coventry","E08000026","Total",254106,60799,33782,35777,10256,36184,58566,18742,6705,29330,7572,2928,18775
"2011","Dudley","E08000027","Total",253421,75980,36286,42371,8888,30056,48584,11256,7369,7667,3095,742,3783
"2011","Sandwell","E08000028","Total",241829,85040,34723,35543,6451,25245,37151,17676,7177,10350,3522,1260,5520
"2011","Solihull","E08000029","Total",167493,38035,22790,26933,5715,19597,47783,6640,5263,5216,2261,384,2533
"2011","Walsall","E08000030","Total",213123,71839,31117,32616,6365,23022,35989,12175,6262,8082,2863,933,4249
"2011","Wolverhampton","E08000031","Total",200047,62467,28187,29790,5497,21199,39021,13886,5854,11178,3876,1411,5864
"2011","Bromsgrove","E07000234","Total",77107,16413,9875,12191,3139,9056,23551,2882,2264,2196,900,149,1132
"2011","Malvern Hills","E07000235","Total",62219,12637,6957,9636,2385,7068,21113,2423,2009,1693,632,93,961
"2011","Redditch","E07000236","Total",67656,16996,10683,11508,2537,8111,14007,3814,1927,2203,972,195,1026
"2011","Worcester","E07000237","Total",80291,17116,10235,11928,3116,11644,22211,4041,2012,5246,2060,558,2616
"2011","Wychavon","E07000238","Total",97039,21458,12694,15170,3912,11241,27870,4694,2523,2348,1128,133,1077
"2011","Wyre Forest","E07000239","Total",81190,22579,11553,13076,3058,9258,17916,3750,1934,1986,851,161,970
"2011","Bedford","E06000055","Total",125871,25645,17313,19129,4939,14882,35417,8546,3810,6286,2370,546,3346
"2011","Central Bedfordshire","E06000056","Total",204602,39644,30583,34714,9623,25869,55793,8376,5869,6836,2628,466,3713
"2011","Luton","E06000032","Total",156445,36953,22813,22720,5151,17332,34814,16662,4951,13411,4601,2152,6622
"2011","Peterborough","E06000031","Total",144495,36158,22288,23338,5037,15589,29245,12840,4121,4323,1812,455,2034
"2011","Southend-on-Sea","E06000033","Total",140621,34621,23075,24619,4161,16055,30691,7399,3825,4152,1764,393,1975
"2011","Thurrock","E06000034","Total",123407,32643,22396,21639,4218,13483,21519,7509,3475,3468,1539,411,1496
"2011","Cambridge","E07000008","Total",106007,12606,7294,9159,2024,17943,50169,6812,2226,24506,4390,671,19427
"2011","East Cambridgeshire","E07000009","Total",67481,14127,8844,10556,2928,7700,19583,3743,1780,1362,649,103,596
"2011","Fenland","E07000010","Total",78482,24523,12253,13323,3173,8151,11677,5382,2074,1508,661,133,704
"2011","Huntingdonshire","E07000011","Total",137157,26361,20055,23266,5221,16977,38301,6976,3837,3314,1646,215,1441
"2011","South Cambridgeshire","E07000012","Total",119342,18248,13275,17129,4643,13472,47852,4723,3448,3636,1499,182,1932
"2011","Basildon","E07000066","Total",139198,37084,25629,24568,4986,14961,25939,6031,3887,3253,1425,323,1491
"2011","Braintree","E07000067","Total",118098,26958,19524,21412,4604,14154,26212,5234,3165,2538,1316,177,1027
"2011","Brentwood","E07000068","Total",60115,11651,8543,10328,1979,6867,18441,2306,1872,1563,606,92,861
"2011","Castle Point","E07000069","Total",73142,21885,13177,12997,3393,7780,10693,3217,1955,1416,725,122,562
"2011","Chelmsford","E07000070","Total",137003,25844,20510,23744,4977,17085,39452,5391,3903,4510,2044,316,2131
"2011","Colchester","E07000071","Total",141427,27440,20294,23629,4772,19572,38412,7308,3590,10813,3455,922,6415
"2011","Epping Forest","E07000072","Total",101708,24360,15839,16544,3364,11261,25769,4571,2778,3252,1196,220,1821
"2011","Harlow","E07000073","Total",65061,16948,12211,11167,2328,7282,11468,3657,1937,1872,949,170,744
"2011","Maldon","E07000074","Total",50804,11749,8153,8771,2355,5692,12009,2075,1303,955,467,68,413
"2011","Rochford","E07000075","Total",68271,16134,12132,12531,2956,8158,13659,2701,1889,1354,672,98,576
"2011","Tendring","E07000076","Total",115495,39616,17499,18751,4740,11002,18340,5547,2889,2306,970,228,1084
"2011","Uttlesford","E07000077","Total",63399,11232,8791,10919,2092,7594,20251,2520,2094,1537,625,68,838
"2011","Broxbourne","E07000095","Total",74850,19122,13262,12871,2741,8401,14394,4059,2192,2471,1054,181,1225
"2011","Dacorum","E07000096","Total",115983,21768,17067,18714,4023,13410,35872,5129,3418,3304,1459,228,1601
"2011","East Hertfordshire","E07000242","Total",110139,18959,14893,18440,3481,13145,36867,4354,3721,2941,1259,134,1526
"2011","Hertsmere","E07000098","Total",79841,15502,11257,12601,2290,8950,24588,4653,2517,3692,1192,191,2290
"2011","North Hertfordshire","E07000099","Total",102388,18416,13480,15758,3565,11632,35242,4295,2954,2775,1229,172,1362
"2011","St Albans","E07000240","Total",110590,14268,11061,14763,3076,11518,51251,4653,3414,3747,1562,211,1961
"2011","Stevenage","E07000243","Total",66866,14390,12065,11941,2521,7889,14762,3298,2022,2332,1185,196,941
"2011","Three Rivers","E07000102","Total",69819,12261,9218,11045,2337,8037,23675,3246,2133,2239,876,132,1219
"2011","Watford","E07000103","Total",71693,12513,9501,10752,2104,8361,23082,5380,1963,3202,1449,233,1506
"2011","Welwyn Hatfield","E07000241","Total",90369,15550,11791,13544,2866,14211,27123,5284,2458,11812,3600,1139,7052
"2011","Breckland","E07000143","Total",107507,30057,16104,18149,4276,11917,20046,6958,2661,2183,1017,167,982
"2011","Broadland","E07000144","Total",103657,23744,15328,18098,5651,12388,24026,4422,2644,2146,1137,137,855
"2011","Great Yarmouth","E07000145","Total",79748,26164,12531,12846,3735,8418,11336,4718,2110,2025,794,222,991
"2011","King's Lynn and West Norfolk","E07000146","Total",122639,35909,17770,19850,4680,13464,23455,7511,3027,2535,1058,224,1228
"2011","North Norfolk","E07000147","Total",86830,23838,12236,14106,4087,9137,19326,4100,1869,1307,566,92,641
"2011","Norwich","E07000148","Total",110805,25073,14129,15342,2858,16885,30722,5796,2071,12844,3709,1054,8050
"2011","South Norfolk","E07000149","Total",101717,22953,13799,17362,4305,11687,27501,4110,2795,2141,1018,139,976
"2011","Babergh","E07000200","Total",71821,16367,10385,12560,2818,8337,18539,2815,2074,1417,682,68,655
"2011","Forest Heath","E07000201","Total",48684,12505,6597,6893,1961,5003,9325,6400,1014,1127,574,61,483
"2011","Ipswich","E07000202","Total",107396,27723,17054,17469,4098,12269,22152,6631,2980,3650,1636,370,1630
"2011","Mid Suffolk","E07000203","Total",78907,17621,10963,13279,3247,9820,20864,3113,2146,1553,798,87,659
"2011","St Edmundsbury","E07000204","Total",90683,20277,13260,15616,3565,10868,22278,4819,2488,2042,1043,128,858
"2011","Suffolk Coastal","E07000205","Total",102401,21592,13784,17078,4221,11582,29678,4466,2812,2069,990,141,922
"2011","Waveney","E07000206","Total",95369,28447,13550,15490,5196,11128,17052,4506,2493,2011,885,250,859
"2011","Camden","E09000007","Total",184873,23451,12556,14454,1558,22340,93453,17061,3276,25130,4778,1452,18861
"2011","City of London","E09000001","Total",6755,454,291,445,47,484,4618,416,69,422,103,30,289
"2011","Hackney","E09000012","Total",195145,38172,17500,19612,1862,18106,81591,18302,4943,17606,4958,1770,10855
"2011","Hammersmith and Fulham","E09000013","Total",152863,19515,10725,12738,1768,16306,75765,16046,2623,13772,3824,869,9036
"2011","Haringey","E09000014","Total",202856,36163,17685,20563,1981,19456,82727,24281,5240,17285,5121,1833,10303
"2011","Islington","E09000019","Total",173300,29448,13943,14552,1743,16904,83276,13434,3229,18558,4250,1500,12779
"2011","Kensington and Chelsea","E09000020","Total",134267,13549,7730,10583,952,13460,70731,17262,2130,11118,2092,586,8407
"2011","Lambeth","E09000022","Total",248300,35352,21169,24408,2640,23988,115758,24985,5190,19056,6365,1990,10646
"2011","Lewisham","E09000023","Total",218749,38763,24225,27248,3160,23694,83127,18532,5742,18527,6630,2421,9433
"2011","Newham","E09000025","Total",238090,49087,27152,26742,2425,23456,71771,37457,7381,35441,13251,4804,17346
"2011","Southwark","E09000028","Total",234901,38384,22077,24045,2623,24779,101172,21821,5264,27083,7758,2534,16752
"2011","Tower Hamlets","E09000030","Total",203953,40719,18928,17734,1821,20643,83675,20433,4599,24722,7402,2544,14724
"2011","Wandsworth","E09000032","Total",255989,29622,16903,21454,2509,25485,137142,22874,4273,17479,5767,1608,10055
"2011","Westminster","E09000033","Total",186812,23943,12308,14497,1420,17113,93946,23585,3174,18736,3506,1105,14078
"2011","Barking and Dagenham","E09000002","Total",137613,38396,20904,20617,2888,12759,28715,13334,4620,9882,3336,1335,5187
"2011","Barnet","E09000003","Total",282152,43833,27240,34028,3778,28742,113815,30716,8373,20589,6018,1907,12612
"2011","Bexley","E09000004","Total",184431,42366,31049,32694,6951,21334,40146,9891,5839,8356,2955,801,4539
"2011","Brent","E09000005","Total",248458,47721,25718,26967,3059,24163,82619,38211,7203,22545,7569,2449,12467
"2011","Bromley","E09000006","Total",248806,44572,33858,40025,6773,28644,82304,12630,7170,8470,3103,643,4684
"2011","Croydon","E09000008","Total",284268,50081,39285,43299,6018,32498,90321,22766,9093,16784,6180,1926,8619
"2011","Ealing","E09000009","Total",269572,44366,26592,28237,3905,25887,99836,40749,7307,20423,6809,2099,11472
"2011","Enfield","E09000010","Total",242465,55736,31158,33389,4715,25557,69627,22283,7914,16901,5325,1976,9556
"2011","Greenwich","E09000011","Total",199163,41082,23896,26189,3766,21250,66120,16860,5293,17560,6495,2225,8813
"2011","Harrow","E09000015","Total",190998,31997,20852,24447,3271,19870,70218,20343,6297,12968,4318,1137,7484
"2011","Havering","E09000016","Total",192844,50951,32241,33519,7238,21797,37498,9600,5668,6560,2436,586,3488
"2011","Hillingdon","E09000017","Total",217043,41548,30336,30853,6316,27094,60854,20042,6481,19383,6285,1963,11096
"2011","Hounslow","E09000018","Total",202424,35084,23767,23364,3401,19798,69955,27055,5416,15015,5782,1580,7623
"2011","Kingston upon Thames","E09000021","Total",129790,17400,12665,15792,2568,17482,53782,10101,3155,13227,4344,1280,7573
"2011","Merton","E09000024","Total",160840,24378,15900,18875,2689,15928,66091,16979,4103,9657,3507,833,5294
"2011","Redbridge","E09000026","Total",216112,39877,26437,28374,3648,22208,73299,22269,7095,16527,5126,1980,9379
"2011","Richmond upon Thames","E09000027","Total",150052,15915,11075,15916,2304,15920,79584,9338,3383,7331,2563,558,4195
"2011","Sutton","E09000029","Total",152158,28330,21588,24423,4374,18023,45775,9645,4648,5641,2374,469,2777
"2011","Waltham Forest","E09000031","Total",203131,42262,24934,25845,3494,20340,60914,25342,5676,16931,5650,1878,9352
"2011","Bracknell Forest","E06000036","Total",89743,14639,13755,15191,3032,11389,27197,4540,2852,2392,1233,163,980
"2011","Brighton and Hove","E06000043","Total",229024,36775,25190,28769,4854,36599,84423,12414,5065,27229,8230,2676,16285
"2011","Isle of Wight","E06000046","Total",115589,28078,16865,19395,5799,14128,26163,5161,3106,2592,993,249,1332
"2011","Medway","E06000035","Total",210511,48226,35473,38653,9857,26818,40275,11209,6409,9800,3621,1034,5114
"2011","Milton Keynes","E06000042","Total",193429,34850,30794,32222,6579,22205,54591,12188,5609,6823,3001,681,3125
"2011","Portsmouth","E06000044","Total",167256,35405,21980,25073,6545,30068,39630,8555,4135,21322,5781,2171,13336
"2011","Reading","E06000038","Total",125582,21834,15328,15407,3170,16875,43690,9278,2845,12007,4104,841,7046
"2011","Slough","E06000039","Total",106645,21434,15673,14256,2371,10790,27560,14561,3388,6146,2429,662,3045
"2011","Southampton","E06000045","Total",195534,40991,25287,27209,7156,33882,48145,12864,4088,28061,7787,2425,17811
"2011","West Berkshire","E06000037","Total",122731,21065,17378,19880,4778,14916,39406,5308,3820,2624,1313,147,1146
"2011","Windsor and Maidenhead","E06000040","Total",115900,18134,13448,16685,3476,12933,44500,6724,3581,3242,1263,166,1790
"2011","Wokingham","E06000041","Total",123010,16226,14460,18557,4158,15313,49184,5112,3707,3899,1660,281,1941
"2011","Aylesbury Vale","E07000004","Total",138567,24059,19099,22857,5014,16894,44291,6353,4192,4153,1664,278,2196
"2011","Chiltern","E07000005","Total",73679,10864,7858,11150,2420,8143,30179,3065,2320,1875,775,97,993
"2011","South Bucks","E07000006","Total",54201,8954,6395,7997,1865,6034,19977,2979,1593,1628,626,89,907
"2011","Wycombe","E07000007","Total",136787,23780,17123,20734,4964,16905,45899,7382,4115,6452,2614,611,3207
"2011","Eastbourne","E07000061","Total",82691,19215,11408,13763,2899,10418,20194,4794,2246,3986,1600,352,2022
"2011","Hastings","E07000062","Total",73488,18649,11600,12830,2220,8877,15604,3708,2058,2370,1005,231,1127
"2011","Lewes","E07000063","Total",80534,17276,11126,12662,2723,9511,23690,3546,2089,2163,971,137,1032
"2011","Rother","E07000064","Total",76359,18858,10542,12596,2886,8551,19438,3488,1988,1645,632,98,897
"2011","Wealden","E07000065","Total",122443,24347,16937,21218,4516,14998,35360,5067,3434,2803,1325,157,1302
"2011","Basingstoke and Deane","E07000084","Total",133947,23226,19647,21918,5152,16902,40793,6309,3618,3047,1638,246,1154
"2011","East Hampshire","E07000085","Total",94019,15857,11719,15640,3338,11986,31844,3635,2944,2409,1079,124,1189
"2011","Eastleigh","E07000086","Total",101482,17907,14410,17461,5779,13524,28326,4075,2776,2698,1323,178,1181
"2011","Fareham","E07000087","Total",92153,16181,12058,15691,5058,12403,27419,3343,2632,2614,1348,176,1078
"2011","Gosport","E07000088","Total",66402,14347,10754,12046,3292,8883,14265,2815,1827,1825,831,172,813
"2011","Hart","E07000089","Total",72681,9815,9036,11746,2579,9451,27248,2806,2126,1661,829,82,744
"2011","Havant","E07000090","Total",98807,24746,14619,16913,4787,11812,22017,3913,2733,2569,1228,237,1081
"2011","New Forest","E07000091","Total",147514,31178,19579,24647,8013,17739,40184,6174,3493,3015,1582,156,1255
"2011","Rushmoor","E07000092","Total",74854,13947,12318,12838,2703,9362,18493,5193,2229,2514,1228,202,1076
"2011","Test Valley","E07000093","Total",94414,17330,12841,15581,4223,11768,28825,3846,2747,2187,1030,120,1028
"2011","Winchester","E07000094","Total",95110,13828,9163,13910,2944,13260,38669,3336,3023,6503,2480,549,3467
"2011","Ashford","E07000105","Total",93411,19777,14578,16639,3602,11229,23007,4579,2680,2544,1287,234,1015
"2011","Canterbury","E07000106","Total",125971,25778,14824,18056,4212,22117,34385,6599,3282,18354,5007,1970,11363
"2011","Dartford","E07000107","Total",77342,16334,13410,14036,3310,8930,17053,4269,2122,2215,1101,213,895
"2011","Dover","E07000108","Total",91382,22885,13376,15941,3371,11049,20071,4689,2605,2463,1021,194,1226
"2011","Gravesham","E07000109","Total",80964,19742,13242,13780,3442,8952,16164,5642,2548,2462,1072,256,1121
"2011","Maidstone","E07000110","Total",125476,25915,18336,22108,5112,15246,32154,6605,3463,3356,1542,236,1552
"2011","Sevenoaks","E07000111","Total",92481,17753,12708,15189,3158,10267,29580,3826,2861,2197,913,149,1121
"2011","Folkestone and Hythe","E07000112","Total",88760,21900,13239,15510,3394,10582,19324,4811,2447,2569,1216,247,1090
"2011","Swale","E07000113","Total",108539,29703,17640,18442,4777,12202,20535,5240,3090,2649,1109,241,1290
"2011","Thanet","E07000114","Total",108556,30784,16100,17833,4198,12245,21284,6112,2975,3673,1544,351,1758
"2011","Tonbridge and Malling","E07000115","Total",95821,19135,14401,16945,3874,11646,25967,3853,3215,2405,1155,154,1086
"2011","Tunbridge Wells","E07000116","Total",91483,15620,11311,15148,2542,11054,31687,4121,3046,2670,1085,129,1443
"2011","Cherwell","E07000177","Total",113422,22331,17202,17949,4671,13210,31830,6229,3084,3027,1387,161,1465
"2011","Oxford","E07000178","Total",126725,17287,10519,11341,2338,22581,53977,8682,2879,29952,5841,1115,22968
"2011","South Oxfordshire","E07000179","Total",108232,17827,13133,16120,4116,12936,39727,4373,2885,2531,1125,118,1272
"2011","Vale of White Horse","E07000180","Total",97867,16328,11559,14307,3968,11281,36420,4004,2856,2744,1206,148,1368
"2011","West Oxfordshire","E07000181","Total",85312,15054,11324,13461,3352,10513,28076,3532,2220,1820,888,92,831
"2011","Elmbridge","E07000207","Total",103005,13628,10451,14320,2280,11400,45170,5756,3061,2993,1190,173,1615
"2011","Epsom and Ewell","E07000208","Total",60371,9559,7395,9504,1723,7278,21720,3192,1868,2759,1177,205,1361
"2011","Guildford","E07000209","Total",112589,15993,12020,15254,3125,16005,44496,5696,2735,10727,3433,680,6601
"2011","Mole Valley","E07000210","Total",69580,11111,8129,11198,1960,7896,26396,2890,2083,1635,722,82,814
"2011","Reigate and Banstead","E07000211","Total",110725,18363,14587,18345,3237,13294,37602,5297,3047,2829,1294,195,1320
"2011","Runnymede","E07000212","Total",66653,12176,8490,9616,2248,10095,19945,4083,1503,6771,1926,414,4424
"2011","Spelthorne","E07000213","Total",78089,15947,12546,12564,3056,8882,20262,4832,1969,1931,931,136,851
"2011","Surrey Heath","E07000214","Total",69302,10387,9356,11292,2398,8478,23887,3504,2055,1818,934,125,753
"2011","Tandridge","E07000215","Total",66922,11467,8936,11701,1959,8206,22063,2590,2064,1752,636,90,1017
"2011","Waverley","E07000216","Total",97478,14790,10056,14737,2845,11938,39125,3987,3282,3434,1331,227,1858
"2011","Woking","E07000217","Total",79185,12042,9471,11321,2067,8940,30374,4970,2029,2594,1224,221,1132
"2011","Adur","E07000223","Total",50579,12936,8063,8324,2207,5655,11122,2272,1314,1185,569,73,531
"2011","Arun","E07000224","Total",126164,31364,17871,21159,5019,14610,28732,7409,2755,3296,1533,273,1464
"2011","Chichester","E07000225","Total",95161,18566,11035,15164,3252,12149,30820,4175,2110,4172,1696,344,2116
"2011","Crawley","E07000226","Total",84549,16995,15257,14427,2887,9555,18214,7214,2301,2495,1254,225,1011
"2011","Horsham","E07000227","Total",106758,17407,14155,18954,3627,13525,34814,4276,3231,2431,1187,126,1110
"2011","Mid Sussex","E07000228","Total",112755,16731,15153,19560,3799,14858,37917,4737,3355,2725,1294,135,1282
"2011","Worthing","E07000229","Total",85971,18319,12320,14966,3147,10774,22314,4131,1997,2501,1283,215,988
"2011","Bath and North East Somerset","E06000022","Total",146439,25140,16175,20828,5472,24095,48910,5819,3758,15932,4369,1030,10507
"2011","Bournemouth","E06000028","Total",155224,29720,20105,24086,5852,24412,40951,10098,3064,15079,4972,1249,8829
"2011","Bristol, City of","E06000023","Total",349653,70478,41487,44592,10260,51006,114621,17209,7782,35638,10609,2425,22545
"2011","Cornwall","E06000052","Total",442332,99237,59206,76782,20102,57917,110518,18570,11102,15880,5876,1313,8609
"2011","Isles of Scilly","E06000053","Total",1857,264,201,309,78,304,613,88,6,14,4,2,8
"2011","North Somerset","E06000024","Total",165914,32539,22752,28542,7247,21012,47041,6781,4270,4273,2048,304,1874
"2011","Plymouth","E06000026","Total",211502,47073,28541,35452,11004,35009,45379,9044,5233,19376,5692,1559,12093
"2011","Poole","E06000029","Total",121986,26108,17573,20298,5917,15229,31143,5718,3093,3920,1659,302,1942
"2011","South Gloucestershire","E06000025","Total",212837,39618,31661,35490,11435,29111,56805,8717,6089,8296,3655,687,3910
"2011","Swindon","E06000030","Total",167774,34424,29257,29098,7597,19526,38097,9775,4505,4558,2238,409,1879
"2011","Torbay","E06000027","Total",109290,28215,16398,18889,5110,12905,22564,5209,2760,2593,1182,275,1119
"2011","Wiltshire","E06000054","Total",380013,70782,53242,65411,14616,48130,112067,15765,11075,8294,4090,576,3575
"2011","East Devon","E07000040","Total",112002,23597,14651,19009,4625,12708,32573,4839,2751,1967,955,129,861
"2011","Exeter","E07000041","Total",99066,18156,12467,13998,3165,18000,28291,4989,1990,14307,3416,818,10061
"2011","Mid Devon","E07000042","Total",63200,14323,8723,10796,2420,7648,16716,2574,1694,1211,541,76,588
"2011","North Devon","E07000043","Total",77378,18613,11157,13288,3663,9616,17732,3309,1962,1674,817,132,710
"2011","South Hams","E07000044","Total",69868,12047,8433,11361,3044,8456,23946,2581,1759,1612,740,105,750
"2011","Teignbridge","E07000045","Total",103738,22353,14007,17189,4632,12196,29014,4347,2645,2210,1033,169,995
"2011","Torridge","E07000046","Total",53321,13550,7599,9320,2626,6434,11552,2240,1332,921,397,70,449
"2011","West Devon","E07000047","Total",44652,9077,5767,7519,1740,5306,13410,1833,1147,946,439,52,448
"2011","Christchurch","E07000048","Total",40289,9421,5509,6718,2110,4556,10132,1843,933,872,367,46,455
"2011","East Dorset","E07000049","Total",73557,15830,9897,12047,3884,8505,20364,3030,1735,1488,817,77,577
"2011","North Dorset","E07000050","Total",56230,11219,7989,10020,2312,7058,15137,2495,1740,1053,405,61,575
"2011","Purbeck","E07000051","Total",37678,8122,5401,6328,1891,4559,9687,1690,930,695,349,29,316
"2011","West Dorset","E07000052","Total",83536,16801,10494,13761,3674,9875,25691,3240,2338,1554,738,79,728
"2011","Weymouth and Portland","E07000053","Total",54306,12236,8094,9447,2804,7102,12207,2416,1355,1260,582,114,554
"2011","Cheltenham","E07000078","Total",96008,15904,10906,13778,3021,13216,34782,4401,2574,6725,2806,531,3379
"2011","Cotswold","E07000079","Total",69138,12758,8865,10957,2236,8225,23267,2830,1766,2235,737,87,1402
"2011","Forest of Dean","E07000080","Total",67947,16664,9750,11416,3045,8128,16285,2659,2148,1997,769,165,1050
"2011","Gloucester","E07000081","Total",97531,21247,15704,16831,4180,12832,21651,5086,2734,3797,1640,299,1850
"2011","Stroud","E07000082","Total",92251,16788,11898,14372,4296,11257,30324,3316,2702,2169,995,128,1035
"2011","Tewkesbury","E07000083","Total",67358,12667,9251,11230,2932,8214,20329,2735,1702,1433,731,91,602
"2011","Mendip","E07000187","Total",88882,19054,12036,15180,3610,10697,24769,3536,3067,2147,951,124,1062
"2011","Sedgemoor","E07000188","Total",93922,23534,13815,16048,4386,11103,20778,4258,2681,2242,1065,185,972
"2011","South Somerset","E07000189","Total",132625,29089,18212,22503,6922,16481,33228,6190,3373,2618,1326,143,1132
"2011","Taunton Deane","E07000190","Total",90109,18510,11674,16101,3295,11068,25348,4113,2756,2584,1169,144,1263
"2011","West Somerset","E07000191","Total",29844,7403,4066,4989,1195,3189,7415,1587,616,549,201,34,306
"2011","Isle of Anglesey","W06000001","Total",57890,13991,7342,9406,2739,6887,15098,2427,1500,1941,732,107,1091
"2011","Gwynedd","W06000002","Total",100923,23365,11889,16238,3783,14638,26673,4337,2462,8961,2321,715,5903
"2011","Conwy","W06000003","Total",96102,24577,12553,15472,3786,10841,24473,4400,2546,2970,1290,171,1479
"2011","Denbighshire","W06000004","Total",76781,19540,10723,12888,2929,8762,18615,3324,2260,2624,940,229,1441
"2011","Flintshire","W06000005","Total",123862,29116,19076,21398,6031,15098,27791,5352,3616,3595,1674,256,1650
"2011","Wrexham","W06000006","Total",109026,29094,15195,17584,4292,12557,24851,5453,2776,4685,1909,442,2319
"2011","Powys","W06000023","Total",110083,27273,13850,18040,4223,12714,28991,4992,3062,2366,999,112,1244
"2011","Ceredigion","W06000008","Total",64692,12824,6811,9676,2094,12451,18064,2772,1425,9893,2155,1087,6628
"2011","Pembrokeshire","W06000009","Total",100362,24668,13695,16858,4323,11812,24849,4157,2726,2407,1025,138,1228
"2011","Carmarthenshire","W06000010","Total",150763,40334,19683,24748,6514,16832,36036,6616,4059,5025,1930,336,2736
"2011","Swansea","W06000011","Total",197627,47316,24405,30216,8472,27507,51081,8630,4717,18548,5463,1409,11637
"2011","Neath Port Talbot","W06000012","Total",115175,35607,16557,18371,5856,12629,21636,4519,3091,3395,1333,256,1791
"2011","Bridgend","W06000013","Total",113890,32282,15932,18198,4748,12328,25699,4703,3060,3323,1335,249,1723
"2011","Vale of Glamorgan","W06000014","Total",102504,20964,13210,17287,4287,12179,30527,4050,3132,3237,1279,221,1714
"2011","Cardiff","W06000015","Total",283115,58688,31039,36812,7882,43037,91522,14135,6723,36348,10530,2942,22832
"2011","Rhondda Cynon Taff","W06000016","Total",190116,60403,26718,29749,6711,21714,37168,7653,5110,9863,3328,915,5575
"2011","Merthyr Tydfil","W06000024","Total",47842,16407,6832,7221,1755,4810,8493,2324,1371,1709,612,149,938
"2011","Caerphilly","W06000018","Total",143825,45102,21459,23361,5595,16154,26843,5311,4142,4371,1592,352,2394
"2011","Blaenau Gwent","W06000019","Total",57321,20662,9035,8879,2032,5644,8689,2380,1631,1636,562,169,894
"2011","Torfaen","W06000020","Total",73833,21329,11094,12052,3182,8267,14976,2933,2160,2127,920,188,1002
"2011","Monmouthshire","W06000021","Total",75080,15521,9446,11531,2924,8107,24839,2712,2343,1877,756,113,1000
"2011","Newport","W06000022","Total",116348,31454,16399,17834,4685,13203,27202,5571,3308,5903,2201,682,3001
