"date","geography","geography code","Rural Urban","Central Heating: All categories: Type of central heating in household; measures: Value","Central Heating: Does not have central heating; measures: Value","Central Heating: Does have central heating; measures: Value","Central Heating: Occupancy rating (rooms) of -1 or less; measures: Value","Central Heating: Occupancy rating (bedrooms) of -1 or less; measures: Value","Central Heating: Average household size; measures: Value","Central Heating: Average number of rooms per household; measures: Value","Central Heating: Average number of bedrooms per household; measures: Value"
"2011","Darlington","E06000005","Total",46670,814,45856,2124,1268,2.2,5.4,2.7
"2011","County Durham","E06000047","Total",223803,1868,221935,8117,5124,2.2,5.4,2.7
"2011","Hartlepool","E06000001","Total",40434,580,39854,1744,1072,2.3,5.4,2.7
"2011","Middlesbrough","E06000002","Total",57203,1042,56161,3999,2596,2.4,5.3,2.7
"2011","Northumberland","E06000057","Total",138534,1858,136676,5004,2813,2.2,5.6,2.8
"2011","Redcar and Cleveland","E06000003","Total",59605,1034,58571,2293,1396,2.2,5.4,2.8
"2011","Stockton-on-Tees","E06000004","Total",79159,932,78227,3580,2357,2.4,5.6,2.9
"2011","Gateshead","E08000037","Total",89154,1162,87992,5488,3103,2.2,5.0,2.6
"2011","Newcastle upon Tyne","E08000021","Total",117153,1777,115376,10642,5163,2.3,5.1,2.7
"2011","North Tyneside","E08000022","Total",91295,1326,89969,3927,2015,2.2,5.3,2.7
"2011","South Tyneside","E08000023","Total",67167,530,66637,3549,2259,2.2,5.1,2.6
"2011","Sunderland","E08000024","Total",119758,996,118762,6806,4103,2.3,5.2,2.6
"2011","Blackburn with Darwen","E06000008","Total",57353,2109,55244,3944,3545,2.5,5.4,2.7
"2011","Blackpool","E06000009","Total",64367,3564,60803,4590,1891,2.1,5.1,2.6
"2011","Cheshire East","E06000049","Total",159441,3643,155798,5681,3243,2.3,5.9,2.9
"2011","Cheshire West and Chester","E06000050","Total",141442,2989,138453,5882,3226,2.3,5.8,2.9
"2011","Halton","E06000006","Total",53312,1542,51770,2638,1521,2.3,5.4,2.8
"2011","Warrington","E06000007","Total",85140,1910,83230,3821,2050,2.3,5.6,2.8
"2011","Allerdale","E07000026","Total",42345,1313,41032,1243,717,2.2,5.7,2.9
"2011","Barrow-in-Furness","E07000027","Total",31224,2440,28784,1149,664,2.2,5.3,2.6
"2011","Carlisle","E07000028","Total",48342,1475,46867,2123,1047,2.2,5.5,2.7
"2011","Copeland","E07000029","Total",30536,868,29668,1080,623,2.3,5.6,2.9
"2011","Eden","E07000030","Total",23043,952,22091,814,344,2.2,6.0,3.0
"2011","South Lakeland","E07000031","Total",46552,1838,44714,1833,658,2.2,5.8,2.9
"2011","Bolton","E08000001","Total",116371,3533,112838,8042,5369,2.4,5.2,2.6
"2011","Bury","E08000002","Total",78113,1881,76232,4160,2726,2.3,5.4,2.7
"2011","Manchester","E08000003","Total",204969,6410,198559,33673,15899,2.3,4.8,2.5
"2011","Oldham","E08000004","Total",89703,1739,87964,6772,5954,2.5,5.2,2.6
"2011","Rochdale","E08000005","Total",87552,2017,85535,6817,4693,2.4,5.2,2.6
"2011","Salford","E08000006","Total",103556,2486,101070,9850,4308,2.2,5.0,2.5
"2011","Stockport","E08000007","Total",121979,2837,119142,5870,3570,2.3,5.6,2.8
"2011","Tameside","E08000008","Total",94953,2621,92332,5815,3737,2.3,5.1,2.6
"2011","Trafford","E08000009","Total",94484,2301,92183,5285,3062,2.4,5.7,2.9
"2011","Wigan","E08000010","Total",136386,2363,134023,6048,3661,2.3,5.4,2.7
"2011","Burnley","E07000117","Total",37550,1752,35798,1916,1545,2.3,5.3,2.6
"2011","Chorley","E07000118","Total",44919,1205,43714,1692,946,2.3,5.7,2.8
"2011","Fylde","E07000119","Total",34885,865,34020,1348,485,2.1,5.7,2.8
"2011","Hyndburn","E07000120","Total",34341,1786,32555,1570,1589,2.3,5.3,2.5
"2011","Lancaster","E07000121","Total",57822,2591,55231,3054,1455,2.2,5.5,2.7
"2011","Pendle","E07000122","Total",37348,2236,35112,2067,1930,2.4,5.4,2.6
"2011","Preston","E07000123","Total",57567,2493,55074,4292,2544,2.3,5.4,2.7
"2011","Ribble Valley","E07000124","Total",24045,558,23487,715,379,2.3,6.0,2.9
"2011","Rossendale","E07000125","Total",29058,805,28253,1476,990,2.3,5.4,2.7
"2011","South Ribble","E07000126","Total",46102,1430,44672,1396,921,2.3,5.8,2.9
"2011","West Lancashire","E07000127","Total",45381,700,44681,1577,988,2.4,5.9,3.0
"2011","Wyre","E07000128","Total",47281,1225,46056,1603,891,2.2,5.6,2.8
"2011","Knowsley","E08000011","Total",61323,2108,59215,3642,2528,2.4,5.3,2.8
"2011","Liverpool","E08000012","Total",206515,9941,196574,20032,8890,2.2,5.1,2.7
"2011","Sefton","E08000014","Total",117930,3967,113963,5701,3370,2.3,5.7,2.9
"2011","St. Helens","E08000013","Total",75736,1891,73845,3102,2144,2.3,5.4,2.7
"2011","Wirral","E08000015","Total",140583,4607,135976,5503,3153,2.3,5.7,2.9
"2011","East Riding of Yorkshire","E06000011","Total",143032,3320,139712,4467,2725,2.3,5.9,2.9
"2011","Kingston upon Hull, City of","E06000010","Total",112596,4431,108165,9027,4791,2.2,4.9,2.5
"2011","North East Lincolnshire","E06000012","Total",69707,2330,67377,2824,1740,2.3,5.5,2.8
"2011","North Lincolnshire","E06000013","Total",70684,889,69795,2527,1955,2.3,5.8,2.9
"2011","York","E06000014","Total",83552,2202,81350,5930,2934,2.3,5.4,2.8
"2011","Craven","E07000163","Total",24583,1042,23541,940,422,2.2,5.7,2.9
"2011","Hambleton","E07000164","Total",38117,782,37335,980,532,2.3,6.2,3.0
"2011","Harrogate","E07000165","Total",67169,1733,65436,2986,1532,2.3,5.9,2.9
"2011","Richmondshire","E07000166","Total",20207,350,19857,835,406,2.3,5.9,2.9
"2011","Ryedale","E07000167","Total",22524,809,21715,665,384,2.2,6.0,2.9
"2011","Scarborough","E07000168","Total",49435,2236,47199,2946,1250,2.2,5.4,2.7
"2011","Selby","E07000169","Total",34559,645,33914,1214,689,2.4,5.9,3.0
"2011","Barnsley","E08000016","Total",100734,932,99802,4320,2380,2.3,5.3,2.7
"2011","Doncaster","E08000017","Total",126487,1831,124656,5738,4064,2.3,5.5,2.8
"2011","Rotherham","E08000018","Total",108293,1219,107074,4823,3312,2.4,5.4,2.8
"2011","Sheffield","E08000019","Total",229928,5395,224533,21832,10878,2.3,5.2,2.7
"2011","Bradford","E08000032","Total",199296,10637,188659,19429,12372,2.6,5.3,2.8
"2011","Calderdale","E08000033","Total",88621,4862,83759,5798,2910,2.3,5.2,2.6
"2011","Kirklees","E08000034","Total",173525,8895,164630,14698,8297,2.4,5.3,2.7
"2011","Leeds","E08000035","Total",320596,17025,303571,29199,11834,2.3,5.2,2.7
"2011","Wakefield","E08000036","Total",140414,2535,137879,6716,3777,2.3,5.3,2.7
"2011","Derby","E06000015","Total",102271,3504,98767,7453,5118,2.4,5.4,2.7
"2011","Leicester","E06000016","Total",123125,3449,119676,18756,12052,2.6,5.0,2.6
"2011","Nottingham","E06000018","Total",126131,3031,123100,15917,7576,2.3,4.9,2.6
"2011","Rutland","E06000017","Total",15002,254,14748,371,185,2.3,6.4,3.1
"2011","Amber Valley","E07000032","Total",52596,1169,51427,1697,1184,2.3,5.6,2.8
"2011","Bolsover","E07000033","Total",32801,320,32481,1098,773,2.3,5.4,2.7
"2011","Chesterfield","E07000034","Total",46796,619,46177,2207,1118,2.2,5.2,2.6
"2011","Derbyshire Dales","E07000035","Total",30744,738,30006,1007,496,2.3,6.0,2.9
"2011","Erewash","E07000036","Total",48692,1543,47149,1794,1067,2.3,5.5,2.7
"2011","High Peak","E07000037","Total",38946,880,38066,1857,987,2.3,5.6,2.8
"2011","North East Derbyshire","E07000038","Total",43070,454,42616,1304,832,2.3,5.6,2.8
"2011","South Derbyshire","E07000039","Total",38992,788,38204,1260,684,2.4,5.9,2.9
"2011","Blaby","E07000129","Total",38686,514,38172,1177,684,2.4,5.9,3.0
"2011","Charnwood","E07000130","Total",66516,1293,65223,3305,1671,2.4,5.7,2.9
"2011","Harborough","E07000131","Total",34898,491,34407,1068,526,2.4,6.3,3.1
"2011","Hinckley and Bosworth","E07000132","Total",45377,731,44646,1463,787,2.3,5.8,2.9
"2011","Melton","E07000133","Total",21490,487,21003,727,335,2.3,6.1,3.0
"2011","North West Leicestershire","E07000134","Total",39128,524,38604,1140,746,2.4,5.9,2.9
"2011","Oadby and Wigston","E07000135","Total",21339,383,20956,911,668,2.5,5.7,2.9
"2011","Boston","E07000136","Total",27291,602,26689,1865,1097,2.3,5.6,2.7
"2011","East Lindsey","E07000137","Total",60890,1551,59339,2203,1172,2.2,5.7,2.8
"2011","Lincoln","E07000138","Total",39825,999,38826,2905,1429,2.2,5.2,2.6
"2011","North Kesteven","E07000139","Total",45972,589,45383,956,521,2.3,6.1,3.0
"2011","South Holland","E07000140","Total",37264,701,36563,1531,1138,2.3,5.9,2.8
"2011","South Kesteven","E07000141","Total",57344,1026,56318,1757,850,2.3,6.1,3.0
"2011","West Lindsey","E07000142","Total",38385,717,37668,786,477,2.3,6.1,3.0
"2011","Corby","E07000150","Total",25215,266,24949,1400,755,2.4,5.4,2.9
"2011","Daventry","E07000151","Total",31647,612,31035,1121,522,2.4,6.2,3.1
"2011","East Northamptonshire","E07000152","Total",35662,686,34976,1118,619,2.4,6.0,3.0
"2011","Kettering","E07000153","Total",39701,877,38824,1711,801,2.3,5.6,2.8
"2011","Northampton","E07000154","Total",88731,2242,86489,7828,3880,2.3,5.3,2.7
"2011","South Northamptonshire","E07000155","Total",34717,624,34093,881,410,2.4,6.3,3.2
"2011","Wellingborough","E07000156","Total",32057,636,31421,1632,774,2.3,5.6,2.8
"2011","Ashfield","E07000170","Total",50931,609,50322,2009,1287,2.3,5.4,2.7
"2011","Bassetlaw","E07000171","Total",47667,672,46995,1794,998,2.3,5.8,2.9
"2011","Broxtowe","E07000172","Total",46820,828,45992,1955,1196,2.3,5.6,2.8
"2011","Gedling","E07000173","Total",49349,815,48534,1870,927,2.3,5.6,2.9
"2011","Mansfield","E07000174","Total",44928,503,44425,1935,1338,2.3,5.4,2.7
"2011","Newark and Sherwood","E07000175","Total",48773,738,48035,1590,863,2.3,5.9,3.0
"2011","Rushcliffe","E07000176","Total",45835,647,45188,1405,755,2.4,6.2,3.1
"2011","Herefordshire, County of","E06000019","Total",78319,3012,75307,4119,2297,2.3,6.0,2.9
"2011","Shropshire","E06000051","Total",129674,4128,125546,5222,2932,2.3,6.0,2.9
"2011","Stoke-on-Trent","E06000021","Total",107575,2701,104874,6581,4729,2.3,5.1,2.5
"2011","Telford and Wrekin","E06000020","Total",66608,1102,65506,3456,2281,2.5,5.7,2.9
"2011","Cannock Chase","E07000192","Total",40664,652,40012,1937,1218,2.4,5.5,2.7
"2011","East Staffordshire","E07000193","Total",47251,1860,45391,2425,1476,2.4,5.7,2.8
"2011","Lichfield","E07000194","Total",41224,669,40555,1478,976,2.4,6.0,3.0
"2011","Newcastle-under-Lyme","E07000195","Total",52574,958,51616,2195,1394,2.3,5.5,2.7
"2011","South Staffordshire","E07000196","Total",44458,824,43634,1459,960,2.4,6.0,3.0
"2011","Stafford","E07000197","Total",55703,1055,54648,2129,1081,2.3,5.9,2.9
"2011","Staffordshire Moorlands","E07000198","Total",41772,994,40778,1283,798,2.3,5.8,2.8
"2011","Tamworth","E07000199","Total",31617,590,31027,1466,851,2.4,5.5,2.8
"2011","North Warwickshire","E07000218","Total",25812,472,25340,928,650,2.4,5.7,2.9
"2011","Nuneaton and Bedworth","E07000219","Total",52711,1121,51590,2512,1403,2.4,5.4,2.8
"2011","Rugby","E07000220","Total",41875,721,41154,2051,986,2.3,5.7,2.9
"2011","Stratford-on-Avon","E07000221","Total",51928,1115,50813,1786,847,2.3,6.1,3.0
"2011","Warwick","E07000222","Total",58679,1230,57449,3830,1704,2.3,5.7,2.9
"2011","Birmingham","E08000025","Total",410736,16822,393914,50930,36446,2.6,5.2,2.7
"2011","Coventry","E08000026","Total",128592,4693,123899,12188,6887,2.4,5.2,2.7
"2011","Dudley","E08000027","Total",129867,4726,125141,7014,4687,2.4,5.4,2.7
"2011","Sandwell","E08000028","Total",121498,4176,117322,10524,8156,2.5,5.1,2.6
"2011","Solihull","E08000029","Total",86056,1547,84509,3881,2261,2.4,5.9,3.0
"2011","Walsall","E08000030","Total",107822,3066,104756,7061,5483,2.5,5.4,2.7
"2011","Wolverhampton","E08000031","Total",102177,3087,99090,8278,5995,2.4,5.3,2.7
"2011","Bromsgrove","E07000234","Total",38290,637,37653,1135,657,2.4,6.2,3.0
"2011","Malvern Hills","E07000235","Total",32212,883,31329,1101,558,2.2,6.2,3.0
"2011","Redditch","E07000236","Total",34722,522,34200,2560,1468,2.4,5.5,2.8
"2011","Worcester","E07000237","Total",42042,1357,40685,2898,1245,2.3,5.4,2.7
"2011","Wychavon","E07000238","Total",49466,1084,48382,1999,1100,2.3,6.1,3.0
"2011","Wyre Forest","E07000239","Total",42985,1363,41622,1918,1022,2.3,5.6,2.8
"2011","Bedford","E06000055","Total",63812,1287,62525,4885,2630,2.4,5.7,2.9
"2011","Central Bedfordshire","E06000056","Total",104399,1757,102642,4790,2668,2.4,5.7,2.9
"2011","Luton","E06000032","Total",74293,1810,72483,11410,8103,2.7,5.1,2.6
"2011","Peterborough","E06000031","Total",74023,1145,72878,6180,3807,2.5,5.4,2.8
"2011","Southend-on-Sea","E06000033","Total",74678,1616,73062,7155,3545,2.3,5.1,2.6
"2011","Thurrock","E06000034","Total",62353,1660,60693,5594,3378,2.5,5.1,2.7
"2011","Cambridge","E07000008","Total",46714,1196,45518,6575,2567,2.3,5.1,2.6
"2011","East Cambridgeshire","E07000009","Total",34614,598,34016,1322,781,2.4,5.9,2.9
"2011","Fenland","E07000010","Total",40620,822,39798,2163,1328,2.3,5.6,2.7
"2011","Huntingdonshire","E07000011","Total",69333,1292,68041,3025,1594,2.4,6.0,3.0
"2011","South Cambridgeshire","E07000012","Total",59960,908,59052,2345,1261,2.4,6.2,3.1
"2011","Basildon","E07000066","Total",72746,859,71887,5195,2719,2.4,5.3,2.8
"2011","Braintree","E07000067","Total",61043,1140,59903,2938,1539,2.4,5.7,2.9
"2011","Brentwood","E07000068","Total",30646,460,30186,1971,970,2.4,5.7,2.9
"2011","Castle Point","E07000069","Total",36440,622,35818,1614,1005,2.4,5.5,2.8
"2011","Chelmsford","E07000070","Total",69667,1503,68164,4024,1865,2.4,5.7,2.9
"2011","Colchester","E07000071","Total",71634,1296,70338,5254,2055,2.3,5.5,2.8
"2011","Epping Forest","E07000072","Total",51991,970,51021,3342,1694,2.4,5.6,2.8
"2011","Harlow","E07000073","Total",34620,357,34263,3463,1930,2.4,4.9,2.5
"2011","Maldon","E07000074","Total",25817,629,25188,916,443,2.4,6.1,3.0
"2011","Rochford","E07000075","Total",33564,508,33056,1437,863,2.5,5.7,2.9
"2011","Tendring","E07000076","Total",62105,1637,60468,3151,1569,2.2,5.4,2.6
"2011","Uttlesford","E07000077","Total",31316,459,30857,1295,691,2.5,6.4,3.2
"2011","Broxbourne","E07000095","Total",37658,774,36884,3634,1936,2.5,5.2,2.7
"2011","Dacorum","E07000096","Total",59938,936,59002,3755,1917,2.4,5.6,2.8
"2011","East Hertfordshire","E07000242","Total",56577,995,55582,3483,1445,2.4,5.8,2.9
"2011","Hertsmere","E07000098","Total",39778,582,39196,3281,1890,2.5,5.4,2.8
"2011","North Hertfordshire","E07000099","Total",53426,893,52533,3084,1497,2.4,5.6,2.8
"2011","St Albans","E07000240","Total",56140,760,55380,3747,1839,2.5,5.8,2.9
"2011","Stevenage","E07000243","Total",34898,328,34570,2753,1314,2.4,5.2,2.7
"2011","Three Rivers","E07000102","Total",35108,530,34578,2214,1264,2.5,5.7,2.9
"2011","Watford","E07000103","Total",36681,977,35704,5136,2466,2.4,5.0,2.5
"2011","Welwyn Hatfield","E07000241","Total",43613,490,43123,3957,2058,2.4,5.5,2.8
"2011","Breckland","E07000143","Total",54519,1060,53459,2359,1407,2.3,5.8,2.9
"2011","Broadland","E07000144","Total",53336,776,52560,1045,631,2.3,6.0,3.0
"2011","Great Yarmouth","E07000145","Total",42079,1570,40509,2504,1501,2.3,5.4,2.7
"2011","King's Lynn and West Norfolk","E07000146","Total",62977,1401,61576,3019,1702,2.3,5.8,2.8
"2011","North Norfolk","E07000147","Total",46046,1548,44498,1535,851,2.2,5.8,2.8
"2011","Norwich","E07000148","Total",60319,1580,58739,4591,1674,2.1,5.0,2.5
"2011","South Norfolk","E07000149","Total",52809,1054,51755,1363,754,2.3,6.1,3.0
"2011","Babergh","E07000200","Total",37522,773,36749,1142,577,2.3,6.0,3.0
"2011","Forest Heath","E07000201","Total",25376,423,24953,1598,951,2.3,5.4,2.7
"2011","Ipswich","E07000202","Total",57298,2169,55129,4933,2015,2.3,5.2,2.6
"2011","Mid Suffolk","E07000203","Total",40306,860,39446,1162,650,2.4,6.2,3.0
"2011","St Edmundsbury","E07000204","Total",45802,664,45138,2355,1318,2.4,5.8,2.9
"2011","Suffolk Coastal","E07000205","Total",53558,1447,52111,1768,831,2.3,6.0,3.0
"2011","Waveney","E07000206","Total",50883,1590,49293,1975,1089,2.2,5.6,2.8
"2011","Camden","E09000007","Total",97534,3406,94128,31693,11395,2.2,4.0,2.1
"2011","City of London","E09000001","Total",4385,189,4196,1517,258,1.6,3.4,1.6
"2011","Hackney","E09000012","Total",101690,3063,98627,32707,15507,2.4,4.1,2.2
"2011","Hammersmith and Fulham","E09000013","Total",80590,2447,78143,22239,9864,2.2,4.2,2.2
"2011","Haringey","E09000014","Total",101955,3068,98887,29058,16234,2.5,4.4,2.3
"2011","Islington","E09000019","Total",93556,2366,91190,27191,9977,2.1,4.0,2.1
"2011","Kensington and Chelsea","E09000020","Total",78536,3350,75186,21312,6544,2.0,4.2,2.1
"2011","Lambeth","E09000022","Total",130017,4251,125766,34343,17207,2.3,4.3,2.3
"2011","Lewisham","E09000023","Total",116091,3780,112311,25722,14018,2.4,4.5,2.3
"2011","Newham","E09000025","Total",101519,2794,98725,35431,25581,3.0,4.4,2.4
"2011","Southwark","E09000028","Total",120422,3904,116518,34723,18475,2.3,4.2,2.2
"2011","Tower Hamlets","E09000030","Total",101257,3096,98161,35235,16605,2.5,3.9,2.1
"2011","Wandsworth","E09000032","Total",130493,3845,126648,26227,11440,2.3,4.5,2.4
"2011","Westminster","E09000033","Total",105772,4664,101108,32410,11513,2.0,3.9,2.0
"2011","Barking and Dagenham","E09000002","Total",69681,2032,67649,14035,9395,2.7,4.6,2.4
"2011","Barnet","E09000003","Total",135916,2952,132964,24489,13636,2.6,5.1,2.7
"2011","Bexley","E09000004","Total",92604,2367,90237,7488,4367,2.5,5.3,2.7
"2011","Brent","E09000005","Total",110286,2616,107670,32688,19518,2.8,4.6,2.5
"2011","Bromley","E09000006","Total",130862,2614,128248,10456,5221,2.3,5.5,2.8
"2011","Croydon","E09000008","Total",145010,4168,140842,23796,13975,2.5,5.1,2.6
"2011","Ealing","E09000009","Total",124082,3216,120866,29300,17305,2.7,4.8,2.6
"2011","Enfield","E09000010","Total",119916,3562,116354,21956,13459,2.6,4.9,2.6
"2011","Greenwich","E09000011","Total",101045,2441,98604,19550,11011,2.5,4.6,2.4
"2011","Harrow","E09000015","Total",84268,1460,82808,13756,8732,2.8,5.3,2.8
"2011","Havering","E09000016","Total",97199,1946,95253,7166,3901,2.4,5.3,2.8
"2011","Hillingdon","E09000017","Total",100214,1995,98219,15891,9751,2.7,5.0,2.6
"2011","Hounslow","E09000018","Total",94902,2423,92479,20704,11973,2.7,4.7,2.5
"2011","Kingston upon Thames","E09000021","Total",63639,1943,61696,8198,3681,2.5,5.2,2.7
"2011","Merton","E09000024","Total",78757,2482,76275,12675,7215,2.5,5.0,2.6
"2011","Redbridge","E09000026","Total",99105,2417,96688,16704,10724,2.8,5.2,2.8
"2011","Richmond upon Thames","E09000027","Total",79835,2055,77780,8006,3016,2.3,5.2,2.7
"2011","Sutton","E09000029","Total",78174,2382,75792,8316,4130,2.4,5.1,2.6
"2011","Waltham Forest","E09000031","Total",96861,3117,93744,22455,14903,2.6,4.7,2.5
"2011","Bracknell Forest","E06000036","Total",45878,549,45329,2832,1332,2.4,5.7,2.9
"2011","Brighton and Hove","E06000043","Total",121540,5406,116134,20755,7561,2.2,4.6,2.4
"2011","Isle of Wight","E06000046","Total",61085,3126,57959,3536,1554,2.2,5.5,2.7
"2011","Medway","E06000035","Total",106209,3376,102833,7838,4176,2.4,5.4,2.7
"2011","Milton Keynes","E06000042","Total",98584,1234,97350,9433,4904,2.5,5.5,2.8
"2011","Portsmouth","E06000044","Total",85473,4613,80860,9290,4277,2.3,5.1,2.6
"2011","Reading","E06000038","Total",62869,1986,60883,8568,3781,2.4,5.1,2.6
"2011","Slough","E06000039","Total",50766,1384,49382,10544,6424,2.8,4.7,2.5
"2011","Southampton","E06000045","Total",98254,3686,94568,13324,5741,2.3,4.9,2.5
"2011","West Berkshire","E06000037","Total",62340,1174,61166,3099,1409,2.4,6.0,3.0
"2011","Windsor and Maidenhead","E06000040","Total",58349,993,57356,3900,2109,2.4,5.9,2.9
"2011","Wokingham","E06000041","Total",60332,752,59580,2258,1165,2.5,6.3,3.2
"2011","Aylesbury Vale","E07000004","Total",69406,1106,68300,4390,2529,2.5,5.9,2.9
"2011","Chiltern","E07000005","Total",36946,406,36540,1506,953,2.5,6.4,3.2
"2011","South Bucks","E07000006","Total",26514,308,26206,1117,682,2.5,6.4,3.2
"2011","Wycombe","E07000007","Total",67861,1059,66802,5540,3113,2.5,5.7,2.9
"2011","Eastbourne","E07000061","Total",45012,1314,43698,4552,1726,2.2,5.0,2.5
"2011","Hastings","E07000062","Total",41159,1871,39288,3842,1451,2.2,5.0,2.5
"2011","Lewes","E07000063","Total",42181,961,41220,2471,1143,2.3,5.5,2.8
"2011","Rother","E07000064","Total",40877,1147,39730,1970,947,2.2,5.7,2.8
"2011","Wealden","E07000065","Total",62676,1248,61428,2396,1351,2.3,6.1,3.0
"2011","Basingstoke and Deane","E07000084","Total",69315,928,68387,3839,1592,2.4,5.8,2.9
"2011","East Hampshire","E07000085","Total",47258,817,46441,2362,1077,2.4,6.1,3.0
"2011","Eastleigh","E07000086","Total",52177,1102,51075,2617,1281,2.4,5.6,2.8
"2011","Fareham","E07000087","Total",46579,1078,45501,1776,882,2.4,5.9,2.9
"2011","Gosport","E07000088","Total",35430,1312,34118,2203,1185,2.3,5.3,2.6
"2011","Hart","E07000089","Total",35510,394,35116,1379,721,2.5,6.3,3.2
"2011","Havant","E07000090","Total",51311,1858,49453,3338,1805,2.3,5.5,2.7
"2011","New Forest","E07000091","Total",76839,1716,75123,3436,1698,2.3,5.8,2.9
"2011","Rushmoor","E07000092","Total",36344,604,35740,3687,2189,2.5,5.2,2.7
"2011","Test Valley","E07000093","Total",47626,709,46917,1908,1109,2.4,6.0,3.0
"2011","Winchester","E07000094","Total",46865,783,46082,2583,1291,2.4,6.1,3.0
"2011","Ashford","E07000105","Total",47787,874,46913,2466,1392,2.4,5.8,2.9
"2011","Canterbury","E07000106","Total",60771,1329,59442,4617,2110,2.3,5.5,2.8
"2011","Dartford","E07000107","Total",40081,1010,39071,3665,1902,2.4,5.1,2.6
"2011","Dover","E07000108","Total",48310,1171,47139,2910,1471,2.3,5.4,2.7
"2011","Gravesham","E07000109","Total",40431,1003,39428,3507,2145,2.5,5.3,2.7
"2011","Maidstone","E07000110","Total",63447,1403,62044,4263,2179,2.4,5.6,2.8
"2011","Sevenoaks","E07000111","Total",47020,852,46168,2160,1159,2.4,6.0,3.0
"2011","Folkestone and Hythe","E07000112","Total",47379,1574,45805,3778,1624,2.2,5.4,2.7
"2011","Swale","E07000113","Total",55585,1598,53987,3402,1861,2.4,5.5,2.8
"2011","Thanet","E07000114","Total",59513,1762,57751,4798,2121,2.2,5.2,2.6
"2011","Tonbridge and Malling","E07000115","Total",48140,982,47158,2299,1288,2.5,5.8,2.9
"2011","Tunbridge Wells","E07000116","Total",47174,1201,45973,4055,1777,2.4,5.7,2.8
"2011","Cherwell","E07000177","Total",56728,1209,55519,3461,1702,2.4,5.7,2.9
"2011","Oxford","E07000178","Total",55375,1426,53949,7702,3318,2.4,5.1,2.7
"2011","South Oxfordshire","E07000179","Total",54104,1060,53044,2351,1303,2.4,6.1,3.0
"2011","Vale of White Horse","E07000180","Total",49407,831,48576,2416,974,2.4,6.1,3.0
"2011","West Oxfordshire","E07000181","Total",43241,607,42634,1897,871,2.4,5.9,3.0
"2011","Elmbridge","E07000207","Total",52922,729,52193,3197,1408,2.4,6.1,3.1
"2011","Epsom and Ewell","E07000208","Total",29784,502,29282,2028,999,2.5,5.7,2.9
"2011","Guildford","E07000209","Total",53973,910,53063,3869,1864,2.4,5.8,2.9
"2011","Mole Valley","E07000210","Total",35828,658,35170,2382,947,2.3,6.0,2.9
"2011","Reigate and Banstead","E07000211","Total",55423,799,54624,3661,1945,2.4,5.8,2.9
"2011","Runnymede","E07000212","Total",32714,656,32058,2710,1093,2.4,5.5,2.8
"2011","Spelthorne","E07000213","Total",39512,795,38717,3553,1705,2.4,5.2,2.7
"2011","Surrey Heath","E07000214","Total",33546,335,33211,1690,938,2.5,6.3,3.1
"2011","Tandridge","E07000215","Total",33342,562,32780,1841,1011,2.4,6.0,3.0
"2011","Waverley","E07000216","Total",49280,589,48691,2330,1165,2.4,6.2,3.0
"2011","Woking","E07000217","Total",39467,894,38573,3522,1791,2.5,5.7,2.9
"2011","Adur","E07000223","Total",26957,866,26091,1522,673,2.2,5.1,2.6
"2011","Arun","E07000224","Total",66706,1749,64957,4467,1955,2.2,5.4,2.6
"2011","Chichester","E07000225","Total",49848,1300,48548,2530,1133,2.2,5.9,2.9
"2011","Crawley","E07000226","Total",42727,710,42017,4196,2328,2.5,5.2,2.7
"2011","Horsham","E07000227","Total",54923,1116,53807,2929,1216,2.3,5.9,2.9
"2011","Mid Sussex","E07000228","Total",57409,899,56510,3199,1382,2.4,5.8,2.9
"2011","Worthing","E07000229","Total",47044,1666,45378,4312,1548,2.2,5.1,2.5
"2011","Bath and North East Somerset","E06000022","Total",73515,1698,71817,5072,2115,2.3,5.7,2.8
"2011","Bournemouth","E06000028","Total",82374,3106,79268,11561,3823,2.2,4.9,2.5
"2011","Bristol, City of","E06000023","Total",182747,5187,177560,23941,9441,2.3,5.0,2.6
"2011","Cornwall","E06000052","Total",230389,16624,213765,13283,5777,2.3,5.6,2.8
"2011","Isles of Scilly","E06000053","Total",989,260,729,119,19,2.1,5.3,2.6
"2011","North Somerset","E06000024","Total",88227,1626,86601,4065,1534,2.3,5.7,2.9
"2011","Plymouth","E06000026","Total",109307,5336,103971,9426,4211,2.3,5.1,2.6
"2011","Poole","E06000029","Total",63530,1490,62040,3740,1854,2.3,5.4,2.7
"2011","South Gloucestershire","E06000025","Total",107538,1841,105697,5070,2570,2.4,5.7,2.9
"2011","Swindon","E06000030","Total",88360,1927,86433,6144,2943,2.4,5.4,2.7
"2011","Torbay","E06000027","Total",59010,2925,56085,4513,1519,2.2,5.2,2.6
"2011","Wiltshire","E06000054","Total",194194,4081,190113,8803,4501,2.4,6.0,3.0
"2011","East Devon","E07000040","Total",59071,2288,56783,2147,1014,2.2,5.8,2.9
"2011","Exeter","E07000041","Total",49242,2619,46623,4555,1630,2.3,5.2,2.7
"2011","Mid Devon","E07000042","Total",32758,1826,30932,1448,638,2.3,5.9,3.0
"2011","North Devon","E07000043","Total",40001,2098,37903,1942,757,2.3,5.7,2.9
"2011","South Hams","E07000044","Total",36858,1852,35006,1495,605,2.2,5.8,2.9
"2011","Teignbridge","E07000045","Total",54003,2720,51283,2588,1000,2.2,5.7,2.8
"2011","Torridge","E07000046","Total",27986,1796,26190,1038,460,2.2,5.8,2.9
"2011","West Devon","E07000047","Total",22725,1271,21454,787,366,2.3,6.0,3.0
"2011","Christchurch","E07000048","Total",21475,413,21062,1319,535,2.2,5.3,2.7
"2011","East Dorset","E07000049","Total",37564,627,36937,1222,656,2.3,6.0,3.0
"2011","North Dorset","E07000050","Total",28670,709,27961,1286,585,2.3,5.9,2.9
"2011","Purbeck","E07000051","Total",19583,563,19020,895,462,2.3,5.6,2.8
"2011","West Dorset","E07000052","Total",44386,1623,42763,1710,800,2.2,5.8,2.9
"2011","Weymouth and Portland","E07000053","Total",28535,1123,27412,1838,842,2.2,5.3,2.7
"2011","Cheltenham","E07000078","Total",50929,1519,49410,4245,1695,2.2,5.4,2.7
"2011","Cotswold","E07000079","Total",36236,802,35434,1292,621,2.2,6.1,3.0
"2011","Forest of Dean","E07000080","Total",34167,847,33320,1306,716,2.3,5.9,2.9
"2011","Gloucester","E07000081","Total",50363,1648,48715,3929,1924,2.4,5.4,2.7
"2011","Stroud","E07000082","Total",47794,1147,46647,1936,998,2.3,5.9,2.9
"2011","Tewkesbury","E07000083","Total",35126,945,34181,1327,620,2.3,5.9,2.9
"2011","Mendip","E07000187","Total",46157,1291,44866,2255,1046,2.3,5.8,2.9
"2011","Sedgemoor","E07000188","Total",48801,1906,46895,2129,1069,2.3,5.8,2.9
"2011","South Somerset","E07000189","Total",69501,2513,66988,3029,1470,2.3,5.8,2.9
"2011","Taunton Deane","E07000190","Total",46907,1448,45459,2563,1209,2.3,5.7,2.8
"2011","West Somerset","E07000191","Total",15623,828,14795,639,324,2.1,5.8,2.8
"2011","Isle of Anglesey","W06000001","Total",30594,1627,28967,1028,675,2.3,5.9,2.9
"2011","Gwynedd","W06000002","Total",52473,3971,48502,2490,1358,2.2,5.8,2.9
"2011","Conwy","W06000003","Total",51177,1858,49319,2204,1328,2.2,5.6,2.8
"2011","Denbighshire","W06000004","Total",40546,1237,39309,1841,1185,2.3,5.7,2.8
"2011","Flintshire","W06000005","Total",63781,1049,62732,2454,1809,2.4,5.8,2.9
"2011","Wrexham","W06000006","Total",57029,1123,55906,2724,1948,2.3,5.6,2.8
"2011","Powys","W06000023","Total",58345,2081,56264,2081,1181,2.2,6.0,3.0
"2011","Ceredigion","W06000008","Total",31562,1871,29691,1798,845,2.3,6.0,3.0
"2011","Pembrokeshire","W06000009","Total",53122,2111,51011,2299,1283,2.3,5.9,2.9
"2011","Carmarthenshire","W06000010","Total",78829,1821,77008,2709,1880,2.3,6.0,2.9
"2011","Swansea","W06000011","Total",103497,1403,102094,6487,3262,2.3,5.5,2.8
"2011","Neath Port Talbot","W06000012","Total",60393,674,59719,2276,1551,2.3,5.6,2.8
"2011","Bridgend","W06000013","Total",58515,506,58009,2158,1401,2.3,5.7,2.9
"2011","Vale of Glamorgan","W06000014","Total",53505,914,52591,2149,1136,2.3,5.9,3.0
"2011","Cardiff","W06000015","Total",142557,3141,139416,14892,6323,2.3,5.4,2.8
"2011","Rhondda Cynon Taff","W06000016","Total",99663,1261,98402,4268,2565,2.3,5.5,2.9
"2011","Merthyr Tydfil","W06000024","Total",24264,261,24003,1510,1046,2.4,5.4,2.8
"2011","Caerphilly","W06000018","Total",74479,566,73913,3258,2249,2.4,5.5,2.8
"2011","Blaenau Gwent","W06000019","Total",30416,236,30180,1605,1017,2.3,5.2,2.7
"2011","Torfaen","W06000020","Total",38524,381,38143,1739,1201,2.3,5.5,2.8
"2011","Monmouthshire","W06000021","Total",38233,617,37616,1362,771,2.3,6.2,3.1
"2011","Newport","W06000022","Total",61172,825,60347,3932,2157,2.4,5.5,2.8
